ricambierà	6.925875820095332
aumentiamo	6.0804415835152845
fback	5.872399439949042
ricambi	5.646638235060234
seguirci	5.487631958832962
guadagni	5.487559366186565
seguindo	5.456278511314029
ricambio	5.1887150629818475
segnalare	4.997662622792217
ricambiare	4.997485236779322
benvenuta	4.995437050338359
condivisione	4.905803739043199
disturbo	4.810776234980162
bacione	4.77631844218392
claro	4.775865276816126
benvenuto	4.739701078945697
gentilissima	4.671251191583409
gentilissimo	4.654489310762293
ricambia	4.652980278207136
mille	4.6030317162332395
altrettanto	4.511712657896315
benvenuti	4.480865933341443
pergi	4.475295104566679
occhiata	4.4518223966094235
anticipo	4.361689654110105
bye	4.293878247897177
shoutout	4.271780911450006
braccialetti	4.254883339365175
splendore	4.224735715922004
potresti	4.186488989778219
follow	4.139004195942243
grazie	4.138066927592112
seguite	4.058836247826923
scambio	4.013333953333081
aggiungi	3.97101733977182
buon	3.9404517245145136
follback	3.923100661508739
seguitemi	3.8948090246934584
segnalazione	3.8934196587074483
seguirmi	3.8691726126464983
piacere	3.8494873751241188
serena	3.84522552450463
sereno	3.7796981281319644
crepi	3.7743635025401794
ricambiato	3.7378396718506517
silvia	3.729947572189458
gentile	3.723476050385438
complimenti	3.7207959998114695
back	3.7189403064036797
carissima	3.712832695136429
buona	3.707312096602481
buonasera	3.685854048853915
auguro	3.670636094398938
consiglio	3.668267301588945
buonanotte	3.653416895309954
hei	3.6304414495683623
lupo	3.6222222881160797
segui	3.6079640999844655
posizione	3.601523338691176
aspettiamo	3.5962330461517324
infinite	3.5955544819674543
like	3.5680993469765334
dolcezza	3.561833351384521
crediti	3.5409593240373143
ciao	3.52753331111632
splendida	3.520070253763056
buondì	3.5126928858874975
baci	3.4998957544464315
abbinato	3.4957097951696827
ringrazio	3.4649945213250173
informazione	3.4448513412173227
aggiungo	3.417275386125451
apprezzo	3.4134469780406445
opinione	3.3940493883968683
raccomando	3.392963936188747
stima	3.387718976544201
aumenta	3.383392757028649
ottimo	3.378344514405182
stimo	3.368240117119908
dolcissima	3.3618802783213204
meraviglia	3.3597643465851728
buongiorno	3.357532102847436
preoccuparti	3.3496522298245894
ottima	3.343863359778907
info	3.3426281529643767
proverò	3.3326652335189904
farai	3.3296884019513695
parere	3.32604719992999
ciaoo	3.3213034724413895
onore	3.3132099186994703
lettura	3.3105430133940246
vedrai	3.3096625720807085
bio	3.3089776595653873
spacca	3.308623567586297
conoscerti	3.302211389581765
saluti	3.299832875317711
ognuno	3.295456926790032
piaccia	3.286736160794378
averci	3.2774181437936063
potreste	3.276231351896556
hey	3.26742394964098
seguita	3.2592220305432167
ehy	3.2554334206019986
avermi	3.254968522616137
paola	3.248851479877431
fantastica	3.2436818740192974
avermelo	3.223337904656308
lista	3.221303010525812
certamente	3.2044870874161013
followers	3.1998861450489575
sorriso	3.1908581025939333
visitare	3.184733105941863
saluto	3.1844997946537714
aww	3.180031714657219
sommato	3.177191389587287
ciaooo	3.1753055462945685
trovi	3.174184870763607
emozioni	3.1740020323269755
recensione	3.1541026095254323
complimento	3.152078343944685
seguendo	3.140914283398489
sorridere	3.1407036610085504
pasqua	3.1401392380373574
cara	3.1380765285326224
utile	3.1332810095665007
grandissimo	3.1231712010838932
meravigliosa	3.1177159699078656
seguirti	3.1154182593564608
buone	3.1145341579994774
bella	3.1013875898415226
contento	3.097419383845508
meriti	3.0951475494351524
bravissima	3.093697087250688
tranquilla	3.081037207088162
campione	3.0800557464921647
figurati	3.078433712485601
francesca	3.0770411476262227
seguo	3.0755859465863664
curiosità	3.0752331226393577
canale	3.07344776089801
bg	3.0689915653546436
ferragosto	3.066173371217307
happy	3.0605355901386275
blog	3.0558069915897277
fantastici	3.0504571732432377
bellezza	3.0444347376575918
retweet	3.044305964078244
cari	3.041212788055779
bacio	3.036437188049916
bellissima	3.0298943170023964
emozione	3.027113874295159
chiederti	3.021913258512146
auguri	3.01517322924742
seguito	3.0138145525333018
importante	3.00998039792208
stupenda	3.007026566051661
interessante	3.002605152841753
gusti	3.0003726531104933
consigli	2.988022377759282
aw	2.9819969067448744
mando	2.979768422564977
instagram	2.9795337297507154
stefano	2.979375829002505
okay	2.978575999528678
serata	2.9744742607748824
relax	2.967529293343259
meraviglioso	2.9636985236042643
te	2.9609772279592432
voto	2.9597816057665396
racconti	2.951432014657411
contatto	2.9444389791664403
risolto	2.942781367588808
bocca	2.942321218066905
fantastico	2.939183876203404
certo	2.936321244119515
contenta	2.9349561863092504
pagina	2.928835260757127
follower	2.9240442081010327
andrebbe	2.9199962881821495
ehi	2.9154838264469767
link	2.9133940497891904
tranquillo	2.912325847948065
aumentare	2.9100629707863463
giuseppe	2.899340427878925
rossi	2.8985809690249082
ascolto	2.895027926766709
abbraccio	2.8918577999910986
youtube	2.8852831592302968
good	2.8842975282070586
supporto	2.881669373823403
divertiti	2.8811149534356324
finalmente	2.8807585872105275
lj	2.8784996045528066
perfetto	2.876066936505886
adoro	2.8757789316019142
francesco	2.8753093929345908
daje	2.873442695795717
passione	2.8733386253399242
faresti	2.873258450380303
felice	2.8714081070979294
ok	2.861564013249914
guardarlo	2.856921540267411
rt	2.8502683022992144
antonio	2.838399741419244
wow	2.837044568002166
giornata	2.8368137392420376
preferisco	2.834798848352116
particolare	2.832251713056061
notte	2.831558989590079
sostegno	2.8245762200568074
aiutarmi	2.8112545477435713
fai	2.8045543728814786
cercherò	2.79161056501336
ff	2.7915058813719864
speciale	2.7906970769141344
puoi	2.7893748490866903
gruppo	2.7820559048992286
seguire	2.772508281424068
chiami	2.7710395352529518
app	2.769144533767536
stupendo	2.765779880310451
pronti	2.7552778649537504
luca	2.751488550199695
articolo	2.747450624921803
invito	2.7454724837515623
positivo	2.741932920208846
sisi	2.737161845949559
avrai	2.733918172184434
calma	2.732772163735875
pensi	2.731383497604641
velocità	2.7294686639347696
carina	2.728378343142248
banner	2.726601828623207
direi	2.720878575084545
bellissime	2.7207689735099847
intestazione	2.7204238122912328
conosci	2.7174248120162874
risate	2.717148470981472
bravi	2.716747898414601
metti	2.7158305067643607
grande	2.7157506241719234
fammi	2.7093933846486777
esperienza	2.70764237075398
semplicemente	2.7068833398262897
contenti	2.7056541705189843
seguimi	2.7054580162145903
directioner	2.703450729597752
vigilia	2.7015154863241353
creato	2.699447193114302
fiducia	2.698759867456725
condivido	2.6963071736985667
oro	2.695067741758178
laura	2.6938269954213023
piace	2.6928081079953157
social	2.6923018441340707
apposto	2.68776298436184
aggiunto	2.6834804688265668
importa	2.6832234799028227
vediamo	2.682218506488686
sembri	2.680913659667209
posti	2.6806125307535793
fabio	2.6784497313259195
privato	2.6780877029285954
conosciamo	2.6741486494265287
dirmi	2.673008422524556
michele	2.671945196460094
beh	2.671732069212026
carino	2.671283872584382
tifo	2.668703495760278
pazienza	2.6672996122016075
accetto	2.666570528162984
chiaro	2.66563867684944
carlo	2.665524956259469
vino	2.662587827025453
bè	2.6614928364972106
volentieri	2.660721233016569
andrà	2.6571805816775704
preoccupare	2.6551867115451424
spettacolo	2.646266899617667
awww	2.644173399514237
vittoria	2.6437953276760853
vostre	2.6423895552910683
sentiamo	2.641545924844024
paolo	2.639952024136782
vostra	2.6385060312937814
nick	2.6381394773250295
merito	2.63549324085274
miglior	2.631494141241233
ahah	2.628723000966438
farebbe	2.6260794978665447
tipi	2.6204054259101617
yes	2.6193483747466684
vostro	2.617715457810165
eheh	2.6142267553320315
juventus	2.614169498433673
novità	2.6139836920631425
tantissimi	2.6135877880748017
hashtag	2.6125522102352616
dipende	2.6122801454562556
gioia	2.61121107527761
dirò	2.6109473706833652
entrambi	2.603245086736084
coloro	2.6015069531953343
perfavore	2.597384633214691
fidati	2.5959737434789467
perfetta	2.5934972372602196
tesoro	2.5907609951047896
belle	2.5852426304104403
andrea	2.582799526965164
profilo	2.572796155166241
chiedi	2.566609896332009
commento	2.564038610586198
tuo	2.5624116263736685
bellissimo	2.5612976503248297
chiamo	2.5594182872279525
accordo	2.5588904541397346
tue	2.5584662259861086
benissimo	2.5568498049382744
comunque	2.5562928055309295
interessa	2.5546646019755173
curiosa	2.55198197514568
affetto	2.5514449493944826
maria	2.5484160365327138
divertente	2.5449823009106733
piaciuta	2.5423341919230307
meglio	2.541349236256266
icon	2.5379219607880334
lol	2.5361594902828695
marco	2.533616913034534
felicità	2.5326734469910943
bravo	2.532142142318745
voi	2.53127814143959
scrivi	2.5307446146973507
allora	2.530355093908674
max	2.5266106082049085
favore	2.5223330553071173
ahahah	2.5188830871236703
simpatica	2.516843130951047
bel	2.516714756984226
natura	2.5166736871362976
domenica	2.5165037214746118
colori	2.5164550075229264
mario	2.5108631426585584
dubbio	2.5083426069003223
account	2.506195564925849
provincia	2.503884307973732
sognare	2.5024562681257794
nuovi	2.500457202384018
following	2.4993547855353864
tanti	2.4983174656215628
buono	2.496058466955221
tuoi	2.4955337423622863
ascolta	2.4951378203537495
concorso	2.4932054526026954
conta	2.4931236228902813
perfezione	2.4928805956271445
progetto	2.491273201533542
personale	2.4909683549241564
lorenzo	2.4905268974201538
richiesta	2.48959992021975
condividere	2.4856096375146666
immagine	2.484739969230901
ahaha	2.480148712244131
attenzione	2.477039392478195
subito	2.4763609509918276
pranzo	2.4759308240933717
haha	2.4757315601533563
ben	2.4745681054515902
entrambe	2.4714961884044246
lascio	2.4702263489292076
scelto	2.4687006510749474
sarai	2.4686196448133013
caffè	2.467121217354784
ovviamente	2.4666406345219047
pic	2.4632451530068207
felici	2.4624906105036684
intendevo	2.461797403346211
dovresti	2.460551421591667
barbara	2.4595888418037104
sogni	2.4588975681955674
buoni	2.455621128244698
musica	2.4525758719145503
chiara	2.446363263156175
cantanti	2.4428195135258797
piacciono	2.4407777362383856
fortuna	2.436887216566534
bello	2.431203192816687
matteo	2.426425484432435
signore	2.4262947473200684
facciamo	2.425346801807745
aggiungere	2.4245138260301355
merita	2.4226517560415672
milan	2.4222159717510654
breve	2.42104403269779
luce	2.4208649878010844
diciamo	2.4193575171445056
eccomi	2.4189550162216062
vostri	2.418272860068535
sicuramente	2.415280844632463
martina	2.415003973019318
caso	2.411948859873246
fiera	2.411675486107813
pronto	2.408926559722752
esempio	2.408832312188265
semplice	2.4087917355209876
prossima	2.4079006890579375
faremo	2.4078299950324586
donna	2.4073640442272226
intervista	2.407210044072918
titolo	2.4053006042758933
bhe	2.403435453173986
dimmi	2.3978952727983707
angelo	2.397542849887234
leggi	2.392304327965952
ascolti	2.3922677959326424
riposo	2.3900274115977567
vedremo	2.3885911137775904
scelta	2.387672428674192
potremmo	2.38707135473736
tumblr	2.386904678317964
libera	2.386155873228268
cmq	2.3839441745944403
molto	2.381847050385988
tua	2.381570557107437
juve	2.3799739915434963
ahahahah	2.378397632798003
vogliamo	2.374508340100217
potrai	2.373956086885965
stile	2.373693178278202
linguistico	2.3731399623177625
conoscere	2.372327834498356
ahahaha	2.367818223624513
davide	2.367123614131617
ahahha	2.3657353846316447
qualunque	2.3626680963428224
header	2.362289805793008
canzone	2.361633282147441
inter	2.3591329723198307
originale	2.3579514066667264
giusta	2.3576264984621647
spiego	2.356041225331868
effetti	2.355905401367391
cena	2.3555208733790995
donne	2.354476034841726
passerà	2.3544427442313394
vuoi	2.353969894437508
ei	2.3535803297217917
singolo	2.351532403388363
feste	2.3494132275652846
anna	2.3493400146420806
stesso	2.34833894481773
vincere	2.3482617533746075
frase	2.3481781774820734
ah	2.3472090039346223
grandi	2.347202566146854
hahaha	2.347022075310314
sappi	2.346309623489866
salve	2.3436121946835153
nostri	2.343280668688563
signora	2.341868445127585
cantante	2.341522960720466
qualità	2.340410235022149
prox	2.340325420976893
colore	2.3400161455224637
campagna	2.339596557970865
dormi	2.338001948091776
generale	2.337952236831337
votare	2.337319630973619
capitolo	2.336641394600101
belli	2.336134505675055
oppure	2.3356997644172433
cover	2.3335429940773316
dedicato	2.333203951599382
vale	2.331049745494529
quali	2.3309757067169934
caro	2.330029400092394
presentazione	2.32687778556309
nanna	2.3264027723637755
post	2.3256120436732215
vabbè	2.3254530597829333
ahahahahah	2.324772301137988
love	2.3217135737822936
sorpresa	2.320695958763403
numero	2.319263415137768
santa	2.3183956990206878
simpatico	2.3177989616298733
dare	2.3175081532047774
natale	2.3168259969064415
controllo	2.316669832875785
nostro	2.316482979355054
birra	2.316117099212622
intendo	2.3146963289433966
for	2.3139488516443607
rock	2.3124959768934996
nato	2.312044345101054
forza	2.3119567125159413
lazio	2.3107641138118318
rispetto	2.310651459832184
intelligente	2.310247965739615
passo	2.3083146156286345
disco	2.3078133373585756
intanto	2.307175353517835
nuova	2.307047598254109
saremo	2.30703064242461
directioners	2.305895932641347
fan	2.3049595327613606
forma	2.3023411608059843
potete	2.300803402012848
iscritta	2.300499586503024
evento	2.299741938338337
direttamente	2.298043071559545
diverse	2.2943368841375498
vs	2.2935639419700493
fondo	2.292674553736725
ahahahha	2.2891329482862566
sfondo	2.288911791093836
decisamente	2.287849394340293
gratis	2.2872985685264875
preferita	2.2867491104432247
potrebbe	2.286523178342558
resto	2.2863892291130097
bisogna	2.285190587465817
prendi	2.2850615567365744
premio	2.284806846972762
passeggiata	2.2841119386997213
futuro	2.28360919153504
leggerlo	2.281562744037554
dolce	2.2796116845552366
anzi	2.2773812386307553
vivi	2.2771060076930607
qualsiasi	2.276444239695805
argomento	2.2725418685062535
brava	2.271779789049453
twittare	2.271731690543704
guardi	2.2715077882532038
posto	2.271124693358892
fandom	2.270336329184279
arriverà	2.2702793635052827
testo	2.2688266130690913
luna	2.2685726581336856
italiana	2.2680695236370356
risposte	2.267787483910739
tieni	2.2659484968783716
mix	2.264665858131752
serve	2.2645102609104044
ascoltando	2.264457307557482
we	2.263599646281092
imparato	2.26340957655949
seguiresti	2.2631062820202583
andrai	2.261613744429752
end	2.2615445431237786
quanti	2.2610566342974634
simo	2.260753043753145
presto	2.2602695668017296
libertà	2.2601328265437926
team	2.2589862089397292
facebook	2.2583292597844054
hahah	2.257529206464042
cucina	2.254730854346016
ahh	2.254463996287635
saluta	2.2539872180281675
porti	2.25389696443513
sei	2.253565260114118
bellissimi	2.253394848803274
be	2.25108125012693
trovate	2.2492457620870976
mostra	2.2476331267108045
modo	2.246245219430463
pensieri	2.244372951817748
caratteri	2.2427905461504567
dai	2.2427765650640703
mercato	2.2414830845194578
idee	2.239191967352624
top	2.238733621007513
risposta	2.238302752208843
porto	2.237957082393799
leggo	2.2372606476078944
cerca	2.2372299119499184
questione	2.236421077707572
club	2.235961065365453
prossimi	2.2357158154247077
concordo	2.235668673409378
ahahahahahah	2.235594588609188
uh	2.2339979833304744
dubbi	2.232429246274256
migliori	2.2320934029870436
ale	2.2316333570217615
gran	2.2309521143693725
pensiero	2.2289788002532354
mandi	2.2285314819612636
ahahahaha	2.2277464271054797
prova	2.226834438503422
do	2.2260966674303084
stella	2.2252127523325917
riesci	2.224478494347376
vai	2.223602207326871
bei	2.2233993568358064
bene	2.2226703999553954
nak	2.2223123982973347
qual	2.220415290660484
news	2.2194743399613093
week	2.219148585754083
ama	2.2191440857597082
chiunque	2.2184477847873247
nuove	2.2178907787563173
you	2.2168571097433403
farò	2.2160186644899786
onda	2.2158352906854786
aah	2.2150388136113466
nazionale	2.213615528429434
assolutamente	2.21220837579963
voy	2.2119495857110247
genio	2.2114865640434886
continua	2.209811692841691
presidente	2.2078188067036013
ovvio	2.207587364371766
volete	2.20733949668005
nostra	2.207286011907264
segue	2.206580103744429
vedi	2.206224833747347
test	2.2040389137559497
magari	2.2037277907305235
nome	2.201398206099148
nono	2.20061031213035
chiama	2.199722348483172
vince	2.199720890898521
ridere	2.1983685552351244
preferiti	2.197688722157734
libero	2.1974499294498493
diversi	2.1969329045909696
salute	2.1949404283303307
ps	2.1948538276163645
tifosi	2.1913043093043427
piaciuto	2.1912631265038
piccole	2.19080097693744
perfettamente	2.1904814634513294
va	2.1901550720094263
liceo	2.1891404589362606
passate	2.1871040931189
riguarda	2.186797372373765
aspetto	2.185875699527565
ehm	2.185116869240152
votato	2.1825157919774436
menomale	2.1819729818754587
bieber	2.1812917192033545
credi	2.181047753981661
trovata	2.1809412304692817
metto	2.179170062667342
cuore	2.1785427658925323
presente	2.177652205624755
parole	2.17742195004004
guardo	2.1770958099056057
ti	2.176942004580724
giulia	2.1751115909068557
base	2.1748534043354355
ada	2.173718129660878
stelle	2.1722597535082477
addirittura	2.1716640803566842
piazza	2.171460440400088
spazio	2.170849422081825
fans	2.169756029790878
canta	2.169053700369523
night	2.1679790092397577
amare	2.166268535890295
spiega	2.1634945669595265
piero	2.1621151374796486
viva	2.161897766212798
forti	2.1618604880952557
molte	2.1612895367553375
profumo	2.1602688708137903
classico	2.1581134472195935
sapere	2.1579836889312065
davvero	2.155772422586838
tante	2.155437101741999
suo	2.154770435911161
ritardo	2.1539906540584273
prezzo	2.153383387078462
ve	2.152997740123766
super	2.1527502171720285
perciò	2.1525141301073467
oned	2.1520227386611834
occhio	2.1504159197596486
regalato	2.1501570664782337
regalo	2.1497587618977256
parola	2.1489352511176567
conosciuto	2.146719882099547
on	2.1460263670982127
differenza	2.1458056626985194
significa	2.145596131505732
dita	2.144052398164106
occasione	2.1438189673680053
selena	2.143089943689969
fede	2.142059803497747
coraggio	2.1417190017952628
sicuro	2.1416381592957134
pubblico	2.141487260563802
sicura	2.139685766610938
tu	2.1393703281750613
disponibile	2.1388587984235543
big	2.138653401311682
ascoltare	2.136386822873303
gusto	2.1339400763059464
provare	2.1323414662572646
esserlo	2.131497903635889
avanti	2.1312316127263657
stessi	2.130930511637916
teatro	2.1304020810908177
ahahahahaha	2.130327665061917
vi	2.1288882623873353
elena	2.128310542224412
storie	2.1254162895957474
cazzi	2.1248547503395376
primavera	2.1245619769603055
pomeriggio	2.124348747600861
tengo	2.1226903262423598
su	2.122189041998222
parli	2.12212792291125
stai	2.1183905803967407
discorso	2.117553099365322
scientifico	2.117449663615966
follia	2.1169246349345765
comune	2.1141817310425384
chiedere	2.1130829554809774
riguardo	2.112994843308466
venerdi	2.112577826655303
studi	2.111051272829046
scritta	2.110989899414762
mettere	2.1098022650186947
uomini	2.109530229924182
segno	2.108610276270493
domanda	2.1083003701418157
propria	2.1077998221712533
girare	2.107225541861961
amico	2.1065027744947993
cura	2.106066314596513
hahahaha	2.105601999553785
mmm	2.1052679412397346
radio	2.102198528802452
qualche	2.1015725567478096
voce	2.101101240760454
sito	2.0997299685153523
amica	2.098505189376778
passa	2.098502476558931
soprattutto	2.0984499780420767
speriamo	2.0983366634998823
passi	2.097671213171497
tw	2.097141118779237
fallo	2.096430367266306
it	2.094268188626411
ufficiale	2.0938822258346304
siccome	2.093636502503409
sì	2.0936211272420833
scrivere	2.092300981401346
squadra	2.0911579913021563
umore	2.0900557429216096
viola	2.0876760275405597
massimo	2.0875387519124553
moda	2.086110253874874
facile	2.0858617278032967
weekend	2.0836263216482065
usato	2.083006607844332
proposito	2.0828041452592587
abbastanza	2.081496596213048
scusa	2.0814171668116392
web	2.080035189664026
amici	2.0782708098388007
oltre	2.0780056699858642
rende	2.077436327452698
valentino	2.0774233775235986
veri	2.0762430011416204
collega	2.0759265995723912
quale	2.0757923898399198
giovane	2.075392406710377
certa	2.0733960508005578
vabbe	2.0722609406049752
primo	2.0706211571468374
famiglia	2.070566063999459
day	2.0703342619525884
vorresti	2.0670702498772893
toscana	2.066352902221958
cultura	2.0658885752751326
duro	2.065669327058609
rosa	2.065367814468174
fate	2.065276484437047
preferito	2.0648353892904736
uso	2.0638598652687956
migliore	2.0634280229326367
fb	2.0625810807840614
doppio	2.0613163922610918
anima	2.0612888440137787
please	2.061145412632898
goal	2.058801988383288
hahahah	2.058689455291407
primi	2.0581363067440823
sole	2.0579978706572826
leggere	2.0572329215275578
sara	2.05564003421351
inizio	2.054640177755007
per	2.0544847923766723
mica	2.0535935461292794
demi	2.053340494963514
google	2.0513970789728364
moltissimo	2.050317829957868
carini	2.0502423869875734
tutti	2.0499225583113465
frega	2.0497917391293066
dm	2.0490666235528794
capito	2.048978437276421
provo	2.0489126744827937
ricevere	2.0487403904551718
aiuti	2.047405638346767
profili	2.046473281443294
seguono	2.0453230937881433
campionato	2.0451785784298875
punti	2.044206434213926
direction	2.044073189139155
salto	2.042852094247544
prossimo	2.041520796210437
soluzione	2.0403891645256054
band	2.0401480103413943
trend	2.039304073773945
genere	2.039024667490799
promesso	2.038170209924431
compleanno	2.0379476336679443
viaggio	2.0376586537511563
pò	2.03710038711991
convinto	2.0367434518748184
vado	2.0360918723668076
impegno	2.0358761439225437
diretta	2.035146075509814
compagnia	2.033981343481508
ahhh	2.0330940439441028
chi	2.03201357608004
conosco	2.0312662390955016
fatti	2.0308020820544312
preciso	2.030132374927332
andiamo	2.029547260101444
dico	2.027955297670833
assieme	2.0276931156755387
canzoni	2.0272087186956718
ragazzi	2.0262832185846515
sopratutto	2.0258137456484278
domande	2.0256614831333946
suona	2.025650361137937
giovani	2.025120444263487
messaggio	2.0241773240495986
uhm	2.0230568222691976
and	2.0229087143476217
sport	2.0223657417438545
idea	2.0222974261162303
tweet	2.022205212845107
mail	2.0215376935899387
imparare	2.02110307303511
ricordato	2.020588581451683
san	2.0199967063278335
venerdì	2.019588160709437
secondo	2.0192857009882137
fatte	2.019184271935821
derby	2.0185640561808644
piano	2.018247505265112
programma	2.0180174981258827
prendo	2.0175416254542404
mmh	2.015828518063208
nostre	2.014252402432131
darmi	2.01344209990259
tenera	2.0133198470802975
renzi	2.012823428148974
coppia	2.0127027996326623
pls	2.012137859783729
new	2.011154507037271
usa	2.0104486701928845
possiamo	2.009786913357789
averla	2.009416874505485
papa	2.0088239744658827
del	2.007660667038803
grillo	2.007170679657004
festival	2.006534770871748
dovrebbero	2.006270479303754
segreto	2.0055512526529036
one	2.0050131894863643
averlo	2.0031738668648402
ascoltato	2.0028755592758447
oi	2.0027489208915816
gol	2.0024664555012563
campo	2.002282461133218
parti	2.001328151451196
verità	2.0011559473866787
se	2.0010649494702832
scegliere	2.000005636080216
farne	1.9998947427692522
rompere	1.9997512155216626
vuol	1.9993871560606835
aiutare	1.99876296915743
dovrebbe	1.9987312935423995
siete	1.9980720186820422
basta	1.9973286177763105
festeggiare	1.9934178190914786
tratta	1.9927718698020223
attesa	1.9914707479419507
appena	1.991414066709009
emma	1.9909400267728061
darti	1.9906633797783204
aver	1.9905872708260801
nata	1.989213534426954
ordine	1.989066394098958
spero	1.988613767600731
piuttosto	1.988381576164206
lato	1.9880011792788734
hai	1.9877930331471376
leggendo	1.9875975698519972
vada	1.9859536304961547
attimo	1.9849429982215683
libro	1.983746672507428
dati	1.9836034447740185
sempre	1.983039486290582
ricerca	1.982259172465902
scrivo	1.981363363752133
glielo	1.9779857557001659
zona	1.9764591484269771
blu	1.9758081935994598
idolo	1.9755084324633911
nonostante	1.9750698111979363
notato	1.9749624716498153
larry	1.9738495177445547
commenti	1.9727026660518883
nel	1.9725076966127817
vorrebbe	1.9723875455156765
decidere	1.971819434405953
devi	1.971141428995718
little	1.970899587949799
carriera	1.9701671267008734
servono	1.9697635917290925
veloce	1.9696984382227547
sanremo	1.9689265737128934
twitter	1.9687055061619811
esser	1.9685282376430857
dicevo	1.967962995660994
conosce	1.966971073857419
età	1.9669046220515667
intenzione	1.9652403828552225
nuovo	1.964741421834695
normale	1.964654015003251
dire	1.9642071774406529
importanti	1.9637077317411111
meno	1.9627403129538237
pane	1.962606717043545
contrario	1.9624987383724035
venite	1.961702028753205
mondo	1.9613594531435692
vinto	1.9611093687887098
entra	1.9597451074945147
coppa	1.959129626169046
partecipare	1.9577638613547221
aiuta	1.9570258931685487
sapete	1.95692021157744
scherzi	1.9565746109861801
aaah	1.9554131445467995
scoprire	1.954949077725184
voti	1.9548338000175298
alto	1.9546376487262394
arrivi	1.9546295503471298
parliamo	1.9531197190577214
calcio	1.9528996932370255
insieme	1.9517419194832315
crescere	1.9515734183845745
gioca	1.9512218315954708
album	1.950677738538786
time	1.9506729351239949
volontà	1.9503644994046936
ciò	1.94995008546131
verde	1.9490641730472176
pd	1.9476195511809622
amo	1.9466476034438784
guida	1.9462121270132173
pensate	1.9459101490553132
ricordi	1.9456308194445586
pace	1.9454506957965991
dovremmo	1.9447876045033856
spiegare	1.9446562303957196
diverso	1.9430003506879696
oh	1.9425731231776662
anke	1.9425640185835424
lunga	1.9405537647584665
rompo	1.9403510156453165
conferma	1.938501093589384
limite	1.937301774518713
hahahahah	1.935088597312135
farti	1.9344017395631457
vari	1.9343030545650906
puglia	1.9335896646672728
sim	1.933508637239444
fatto	1.933215583741262
incontro	1.9318364218436515
ragione	1.9316992209920179
questo	1.9312727902491196
ricorda	1.9310886984852547
ai	1.9292617472820703
moglie	1.9288109237503155
sui	1.9285775146357635
amato	1.9279512542945083
hahahahaha	1.9276725615055323
napoli	1.9272533142387913
popolo	1.9271830100046154
nella	1.9228502998161372
mente	1.921853179421351
avresti	1.9217065473144268
cambio	1.9199193180506666
agli	1.9193948013274502
gioco	1.91848852044902
impazzire	1.9180367229370576
nei	1.9168904324906615
scrivendo	1.9166485519784546
esattamente	1.9164923658594082
tweets	1.9159603188109358
laurea	1.9159269818105293
lavori	1.9154868617559568
rete	1.9154412735541755
pratica	1.9140779972497788
paio	1.9134240326206677
altri	1.9132564535633538
lungo	1.9121127694720226
diventa	1.9119221706910168
ecco	1.9117618951882271
vera	1.909583978869887
fase	1.9089690117219633
uno	1.9088962570905517
conversazione	1.9077020942164182
forte	1.9074705134891585
video	1.9066023240939713
dello	1.9065696471528708
mtv	1.906316695635556
aprile	1.9053796188632983
verso	1.9041407361790184
baby	1.9037537767081938
personaggio	1.903724632130686
un	1.9035907540285784
rosso	1.9032356995031041
sulla	1.9027007138843697
sarà	1.9023024687270986
rossa	1.90215614206576
gara	1.9016921678999217
of	1.901115896835101
compro	1.8994820578585971
repubblica	1.898527444653761
dici	1.8984990759653257
molti	1.8984796044019208
parte	1.8983045392588311
cazzate	1.8980629363937516
mangia	1.8979495162482567
sia	1.8969538926212468
ogni	1.89690912905372
spesso	1.8966676496978
simile	1.8964618736413321
catania	1.8957491827521027
lavorando	1.8952286625791683
corso	1.8946168546677629
sopra	1.894419245735196
specie	1.8939654081373658
tutto	1.8905401533680113
po	1.8904827473353352
online	1.8904453987974603
uguale	1.8900854427976617
alcuni	1.8894628366319772
bar	1.8893237153546494
sulle	1.8887149099915552
deciso	1.8878048891213794
guarda	1.8874463678162663
può	1.887273765379406
cambia	1.8870340814628859
canto	1.8867310103566073
ohw	1.8830980852955623
mattino	1.8811984527506282
sul	1.8810541933345757
averti	1.8803128665695001
vieni	1.8799608254041285
quello	1.8799004279850022
forse	1.8795899066404718
pezzo	1.8786365729714274
crema	1.878236515454237
scritto	1.8774558330818647
capitano	1.8769172775683618
pari	1.8758203698939346
frasi	1.87529258184136
cc	1.875206757455166
altre	1.8750431080328462
abitudine	1.874936975706963
cerco	1.874627037537146
battuta	1.8737012722371873
il	1.8732309088205534
svegli	1.870992132304847
scrive	1.8708941178153582
is	1.8698902965938347
ja	1.8692630303829152
sue	1.869159169888238
up	1.8690511435297015
evitare	1.8673622099710063
potrei	1.8671405984433647
miley	1.8670916190403957
sensi	1.8653395047219126
mondiale	1.8652113164320525
avrà	1.8644171148041304
suoi	1.8621671596389209
capita	1.8615743999320704
insulti	1.8612690030876466
piccoli	1.8610065672322014
ragazze	1.8598616114618634
italiano	1.8595820655668163
lo	1.8593585904404506
stop	1.8588525538695715
arte	1.8588195798264815
iniziamo	1.8587364212251614
italiane	1.8580637826215354
media	1.8578232851279162
possa	1.8563914090213995
vive	1.8547985791390074
prove	1.8541822271462625
go	1.8538912503350613
lì	1.8532902517040442
live	1.8528759231288818
stiamo	1.8520225908146155
servizio	1.8520140632881865
certi	1.8518150362291566
nota	1.8516406603637505
giusto	1.8510112211074181
quelli	1.850702478620133
lei	1.8505450714137384
vicino	1.8498671000353357
sii	1.8495244951581855
regali	1.8494368027224306
livello	1.8492639637082462
tt	1.849237785355125
noi	1.8490598986096116
punto	1.8477046253225309
bueno	1.8474324716542965
insomma	1.8468427630039996
ragazza	1.8466003849276411
varie	1.8465449523356385
persona	1.8460744835923664
justin	1.8459355399596333
prime	1.8457122674762938
alex	1.845190456979175
destra	1.8450408358409915
siamo	1.8448034855853808
alcune	1.8430913788724983
bere	1.8421031861062127
aperto	1.8408326512403854
de	1.840713609072911
sarebbe	1.840002615841202
uguali	1.8399504722052065
entro	1.839820666438119
palermo	1.839257692647054
vengo	1.8384167542696257
farà	1.8343483229854591
dagli	1.8329552256663222
tesi	1.8328572877743314
questa	1.8324072021812576
maglietta	1.8323419141005004
avete	1.8321668149445849
risultati	1.8317477829997328
parlato	1.82951456466049
corsa	1.8279638720789246
tira	1.8277471019940148
risultato	1.8276029515418792
immagino	1.8275025427709195
genova	1.8270104186988547
intorno	1.826383433794103
parlo	1.8263171581536903
delle	1.8262961063224712
coglioni	1.8261449521949387
colazione	1.8240315032700432
dallo	1.8234489801850375
anche	1.822905335613034
morale	1.8222879667993857
teoria	1.8219902423438195
quante	1.8215917196528728
quindi	1.8212139318200609
giochi	1.8207706968891455
firenze	1.8207164806048841
fortunata	1.8201443451030472
min	1.8189694253643829
sinceramente	1.8188854058718111
bianco	1.81731996620759
diventare	1.816770857721668
diceva	1.8153404118169618
film	1.8152166648246628
foto	1.8151056654938953
là	1.8142127285722107
politica	1.8130913361313088
aggiornato	1.813001184612302
resta	1.811434868037605
sabato	1.8107812520570865
casi	1.8106160933169375
comincia	1.809951517215333
visita	1.8098504148770942
rispondo	1.8083929613611718
chiamano	1.808251597149039
verrà	1.8069496347220302
mandare	1.8068703881654566
pensato	1.8065194929621833
pasta	1.8061482066801546
febbraio	1.8056245093652268
the	1.8041166660401238
amano	1.8029016457812967
effetto	1.8021369208478974
versione	1.8021222562636017
dei	1.8018185356841978
centro	1.8015694804572935
dirti	1.8012815369847024
scherzo	1.7996928706155941
palco	1.7993066748634379
della	1.798977730646198
essendo	1.798744363750006
sbaglio	1.7982947512632312
siiii	1.798048798135619
uu	1.7975148807986756
torta	1.7972137672338369
guardando	1.7969353066314593
spiaggia	1.7967972632580123
nomi	1.7967315117891476
tema	1.7965910830041956
molta	1.7960842253298375
sinistra	1.7953068301668533
prima	1.7947928331338983
dove	1.794792631368227
dopo	1.7945964011004256
maggio	1.7943656734658058
tutte	1.7942862119182825
sera	1.7942622079034187
aria	1.7936905930982254
credimi	1.793147394502903
pro	1.7929932756769835
giornate	1.7923905831650648
ecc	1.7914875453650607
dalle	1.7912475675020059
sperando	1.789992372108035
almeno	1.7896928748249654
paga	1.7892019230769378
pieno	1.7890021890771606
nelle	1.7887836791246108
esatto	1.788576442667934
esistono	1.7877353189283296
bari	1.7875971323133677
inizi	1.787557782374355
legge	1.7866180697276364
amicizia	1.7862849121817221
finché	1.7861024729129142
circa	1.7858335259605078
cielo	1.7847713205941267
al	1.7845797592602437
rispondere	1.7826993846036525
barca	1.782593502213975
appunto	1.7814912672008552
sappiamo	1.7808809913892787
milioni	1.7806186419612093
tl	1.7804917443817128
terzo	1.779507063699039
incredibile	1.7789692345719255
arrivo	1.7787074605252011
marzo	1.7780666114420118
faccio	1.7776604796414415
minimo	1.7776572031665847
porta	1.7761849799470442
vista	1.7753303573744554
speranza	1.7750317348920284
figlia	1.7748749545260463
con	1.7747025738541071
serie	1.7733132249991017
come	1.77305362728842
sesso	1.7728674441569483
fra	1.7721723359527501
mano	1.771101101664368
parla	1.7707202727520301
volo	1.7702400406043128
vero	1.7701686159073302
senso	1.7687413456570151
festa	1.7686545477196653
dà	1.7686248938263982
mh	1.7674611547493038
ami	1.7667581670226378
para	1.7656845121507985
una	1.7639975308074203
dite	1.7639327671055753
farsi	1.7631296757135353
cercare	1.7626183343205555
giocato	1.7620905622160152
possibilità	1.7613828020741193
stati	1.7608699680223652
pubblicità	1.7608677265023158
farci	1.7605498459372317
alla	1.7603786331142852
taylor	1.7596593141214691
partenza	1.758944621066908
reale	1.7583716015338755
lettera	1.7582170484594477
nello	1.755781612627892
pur	1.7544230674129975
infatti	1.7543247180237507
parlando	1.7540809746043249
tra	1.7539314623722315
lingua	1.7532041927164908
sua	1.7531503987773918
dammi	1.7525037598368658
android	1.7521296744572872
fatta	1.7518347381147896
figo	1.7518343882157792
fin	1.751292237400622
rai	1.7499466250627667
città	1.7498067334835443
sarebbero	1.7497472900887103
di	1.7492290873167917
andrò	1.7486446590885112
figli	1.7479135836827229
strada	1.7469248860567979
veramente	1.7451017862079368
sistema	1.7446919583700693
numeri	1.7444741962380432
piacerebbe	1.7442888566026318
hotel	1.7429092070989307
qualcosa	1.7426032555774769
col	1.7422056547733258
store	1.7415345845829626
vorrà	1.7398073146447677
credo	1.7396392986514355
cominciato	1.7395320318487075
coi	1.7387350009198348
persone	1.738159410642275
dia	1.7381424996560808
calabria	1.738075694047219
penso	1.7378211986858847
tempi	1.7377742575201403
vivere	1.737705844428136
pesce	1.7376922479577792
settimana	1.736235272877279
libri	1.7351281439888415
perrie	1.7349756573778774
parlare	1.7345841470734422
apple	1.734114792310205
pensarci	1.7337949287825818
potere	1.7335406099016673
altro	1.7335317424266596
pazza	1.73130736531078
cambi	1.730437578353736
parigi	1.7301709919153134
ammetto	1.7285587409321437
potrebbero	1.7282386989491305
stasera	1.7281287111771557
si	1.7271910890002586
qui	1.7271366368001793
allo	1.726500878810158
continuare	1.7259420436483421
turno	1.7255100836868542
abbia	1.7245890528040542
ne	1.724518821186891
degli	1.7243351033661136
email	1.7241835303196487
notare	1.7233390076021822
dato	1.7230764134032641
saper	1.7226399433175286
saranno	1.7216234259503296
far	1.7211607028182394
parecchio	1.720476229008608
maglia	1.7182407722828996
salire	1.7178962501808601
to	1.7177237227072415
bisogno	1.7175599177895033
ora	1.7167766547840582
motivi	1.7165962968181439
solito	1.7165320374588113
motivo	1.7161746646109728
rovescia	1.7157160397444369
tiene	1.7156462828471952
mega	1.7154024752259684
ele	1.7150668484398006
ya	1.7149648827274782
capo	1.7144304674261148
berlusconi	1.7142591991761917
dolci	1.7141283471785183
sicilia	1.712232264056144
correre	1.7107661645639882
martedì	1.710307225648422
allenamento	1.7102720705417953
ci	1.7102366212414228
vedo	1.7102263955650998
cantare	1.7096431168265112
pagato	1.7093783606225874
tatuaggio	1.7089275697421429
seria	1.7080530399523952
arrivare	1.7069476217976163
date	1.7059254864089763
faccia	1.7050102116207417
stato	1.7043509220706128
dentro	1.7041627834713495
in	1.7039851235198016
all	1.7035633359621485
lavoro	1.7034560135992658
lasci	1.7006340693921007
vestito	1.7003631887448665
scarpe	1.6991894342345977
bianca	1.6990244461958561
state	1.6987464948611195
giro	1.698195919418558
cominciare	1.6980972363685156
latte	1.6978447117653508
altrimenti	1.697650992852129
vicini	1.6976080381049485
anno	1.6960981522925096
sai	1.6955630420539385
costa	1.6947432895786299
marito	1.6932194413944783
monti	1.692957047732587
stesse	1.6924497051003828
tornato	1.6923869954148514
divano	1.6909861175771348
momenti	1.6906475214309724
potrà	1.6898119261664686
cervello	1.689208770167129
programmi	1.6886810997772195
europa	1.6883811147742198
occhi	1.6881182220767412
la	1.6873346754674312
ed	1.68725723063182
finisco	1.6871166998777327
trova	1.687115872896306
conoscevo	1.6869015924347945
settembre	1.6863649115964716
my	1.6860257147863866
così	1.6859879437028074
maggior	1.6859471803526962
torino	1.6856712839001358
fuoco	1.6853205749548674
mah	1.6846302873689472
avesse	1.6842507250319392
home	1.6840219617213084
crede	1.6835099901891393
basso	1.6826477452377593
ritorno	1.6821255900694012
matrimonio	1.6804657490114212
idoli	1.680344237551669
intero	1.6801278568782088
dalla	1.679582991785283
poi	1.6787996263411007
le	1.6785558800195626
verona	1.677491375679116
carta	1.6770519853783876
errori	1.6766254417432485
animali	1.6762183936381112
innamorata	1.6760928364780492
fronte	1.6758949830395526
dicembre	1.6757879317493931
farle	1.675112152035599
cinema	1.6748381311691527
iniziato	1.6743369455025123
accanto	1.6736448136051107
farlo	1.6720330889134305
senti	1.6711247673489142
trovato	1.670942877177772
botta	1.6704324251369425
vivo	1.6703026014705094
aiuto	1.6697987168106725
enorme	1.6696909481931228
stadio	1.669448123946924
possono	1.6692535466152403
peso	1.6689924431906908
continuo	1.668273051949501
saga	1.66826160559311
spagna	1.6679894461517046
due	1.6670866889851046
realtà	1.6667478774529108
quarto	1.6662543874777611
giorno	1.6661930129654536
seconda	1.6653622429850998
pochino	1.6651044566850994
esiste	1.6650300261310718
serio	1.664533930394266
gli	1.66443849898851
fà	1.6641982435900362
mercoledì	1.6634387612887276
tutta	1.6629879177921514
dietro	1.6624794797601312
materia	1.6614801119899096
visto	1.6608904454969575
grado	1.660822111780579
el	1.6600616114959743
momento	1.6599048152709408
siano	1.6589622910271173
farcela	1.6580946810187285
pelle	1.6578934605723024
lunedì	1.6578344532959506
personaggi	1.6578300666480295
durante	1.6574925438499821
negozio	1.6573583852891127
dal	1.6566091710989204
questi	1.6564056256536912
tanta	1.6560154638130902
soli	1.6552265735997758
gennaio	1.6544500112213163
detto	1.6541306884222122
ad	1.6540771929338358
partita	1.6539844210321666
stessa	1.6520510729427058
venezia	1.6515186888240083
taglio	1.6510871509006075
dovete	1.6485912651077494
adesso	1.647930141653391
società	1.6470089139127118
anni	1.6466912221174088
parenti	1.6454338003757973
santo	1.6435044669977066
memoria	1.6426425439325405
lezioni	1.642324023351143
sala	1.6421246690369535
giovedì	1.642022248767105
avranno	1.6419422249054014
cose	1.6417515667697367
volte	1.641563084672655
feltrinelli	1.6406605824524148
scusami	1.6405578211479048
orario	1.6397126766806924
negli	1.6394658001480096
quelle	1.637963817080547
culo	1.6378204520113868
passare	1.6378077745770578
notizie	1.637782385443243
loro	1.6373283996902517
compagno	1.636836886622215
corpo	1.6367666840878745
fu	1.6366710628924592
immagini	1.6362389948228164
partite	1.6362137647616322
pensa	1.634323107113182
già	1.6342762602112233
qualcuno	1.634007541442625
strana	1.633933279880994
doccia	1.6334018631906706
bologna	1.6333339120624635
arrivati	1.6331544390514163
italiani	1.6326390298202453
inviato	1.6320485710217614
tv	1.6320339670675483
sanno	1.6306187345135474
cosi	1.62988498907634
sardegna	1.629208964605161
possibile	1.6283101850549364
li	1.627746241379083
bici	1.6274211961274307
chiesto	1.627056721700593
uomo	1.6267483855673446
moto	1.625665449055857
dice	1.6253039403030154
novembre	1.625112737287055
usare	1.6250216186711135
preparare	1.624886823375148
rientro	1.6245452077293203
cioccolato	1.6232200519486972
messo	1.6227374056785395
da	1.6225888121286225
nero	1.622185637986641
vita	1.6221080825398375
arriva	1.61976502658995
sapevo	1.6191595974850008
spalle	1.6181540252744653
cuori	1.617225102985869
esco	1.6170041528174162
queste	1.6156214236523299
abbiamo	1.6143640307701563
papà	1.6137345336081068
sotto	1.6131492166256187
riesce	1.6129598179015052
capire	1.6125765375041001
son	1.6120368506955547
scarico	1.6118739672319815
aprire	1.61176079385024
fossero	1.6097183780087898
roma	1.609615930003535
gatti	1.6088743733941089
cd	1.608614528278895
università	1.6080304526662206
gira	1.6079012236952845
lavora	1.6063134523328377
conti	1.6055656907515907
cibo	1.602698837884255
potter	1.6020870170207089
mezzo	1.60181643904596
pronta	1.6003054288708278
letto	1.600055220219501
intera	1.5999291244650733
finale	1.5998493451624414
passato	1.596765033157741
strano	1.5962629146625005
pausa	1.595492929149478
avevi	1.5954468387128533
germania	1.5944501214686086
cn	1.5935581547125492
terra	1.5924148580339608
convinta	1.591788035888871
essere	1.5914623276782696
probabilmente	1.5886574487211162
realizzare	1.58641057916279
vedrò	1.5856395828800134
siii	1.5846931375294988
sale	1.5841201044498106
ovunque	1.583925540564145
xfactor	1.5837130211956645
shopping	1.5836492281403143
stia	1.582987517845915
presi	1.5826183575709916
manda	1.582435684928437
bimba	1.5824092400461809
sembra	1.5813394246973194
mezzanotte	1.5812785329580767
finta	1.5806954435684464
amiche	1.580371255377248
zio	1.5798917683402893
lunedi	1.5792452886804769
tenere	1.5788082891343918
fisico	1.577871446466266
piccola	1.5761522319442955
che	1.5754798658669
en	1.5754463233928515
autografo	1.5742656504559642
filosofia	1.5739496884699713
apre	1.573883708848704
occhiali	1.5729250144319002
quasi	1.5727331433957255
torno	1.5724651245231247
cui	1.571912644549051
spesa	1.5705838942176624
sms	1.5698026055767047
ballare	1.5694427058898393
certe	1.5691514341260082
poco	1.56903960826307
risposto	1.5687924560023963
lezione	1.5686645927416676
quella	1.5684446508223981
modi	1.5684433702471243
estero	1.568316112784932
mia	1.5682225357573587
luglio	1.568212773381072
esce	1.5669779159096069
pochi	1.5661043310718648
sembrava	1.56550435687863
inghilterra	1.5650073900794927
indiretto	1.564908001459408
bah	1.5647194476347221
fossi	1.5634094180673976
soltanto	1.5633004766674203
altra	1.5631861074031594
ricordare	1.5622155167827583
partito	1.5618009292496604
comprato	1.5613347974157068
contro	1.5601314859919733
faranno	1.5598362302617994
sveglio	1.5597734723915597
disegno	1.5593835662255302
agosto	1.558774395069054
dando	1.558615834579262
ricevuto	1.5578853155687582
eh	1.557008919426223
unico	1.556559541813929
volta	1.5563365099105382
dirlo	1.5536327039726219
francia	1.5534342937463665
dimenticare	1.5520429941290275
piena	1.5518695785228245
davanti	1.550223586006043
terza	1.5493406571873145
iniziare	1.5493213640942356
quando	1.5492109209262708
puo	1.548640464624206
co	1.5483716170072783
mare	1.5473970471606278
mie	1.5473418209824514
vedendo	1.5472247279325277
eri	1.5464291165434507
quel	1.5461271017709897
andate	1.545630740070536
cambiare	1.5456165621560063
alle	1.5455877944679248
battute	1.5441680534380953
chiesa	1.5438406299482872
chissà	1.5431799167803224
cm	1.5425054439967247
cosa	1.542503878985077
sarò	1.5421564909627032
capisce	1.5414685824899361
guardare	1.5396785705058347
palla	1.539086806442927
re	1.5390434990218604
poche	1.5388508053641388
aspetta	1.5385182185820288
andata	1.5364913932038566
sennò	1.536384121660834
bambini	1.5359986129900143
borsa	1.5356257545112
avrebbe	1.5349560386121601
otto	1.5343474610790304
bimbi	1.534181175076505
sperare	1.5340796470800728
bambina	1.5335429694799696
tardi	1.533239467045844
sud	1.5331586060771158
negozi	1.5327121377382997
abito	1.5314224233475113
dobbiamo	1.5301754909753804
figa	1.529320013963882
diventata	1.528892565895998
studio	1.527487701878631
tre	1.5271409022998537
trovare	1.5270649931935514
rimane	1.5269844284763687
ricordo	1.5265495153525153
conto	1.5254103781846167
gente	1.5251713890689558
euro	1.5248164229482004
montagna	1.524637528132916
mandato	1.523751603933823
preso	1.5237050807297945
comincio	1.5234954826333755
voleva	1.5226023596207476
facendo	1.5204327721515232
amore	1.5193232159178667
stata	1.517946648507543
andato	1.5169998583058462
out	1.516028909322158
fretta	1.5157298241230035
vecchio	1.5155990423606183
giugno	1.514294077388913
medie	1.5142327139956795
pena	1.513721214788207
storia	1.5127808544324424
riescono	1.5117349350647176
mattina	1.511123223609477
dorme	1.5091381363221048
quattro	1.5072730169346817
guerra	1.5072469715375532
torni	1.5048810615306123
sono	1.504792221634695
dvd	1.5027935347434607
fa	1.5023868686120272
funziona	1.4988848046105971
pure	1.497509250021032
deve	1.4968097525497905
compagna	1.495927850477836
finestra	1.4957660531254813
vuole	1.4957272186872925
uscita	1.495240395140314
salutare	1.4947260720561133
zia	1.4943129379591935
chiede	1.494021741787983
mani	1.4934872826748935
milano	1.4905789668758804
passano	1.4897299483681326
data	1.4896727155737257
acqua	1.4893665462597048
proprio	1.4889027404658164
più	1.4886791565111355
screen	1.4884112800318745
inglese	1.488215871580684
saperlo	1.4881275362597486
danza	1.487895473853811
scaricato	1.487220279709851
dicendo	1.4870246083935545
farla	1.4868093191441938
fidanzata	1.486685654064405
fastidio	1.4860749499842423
silenzio	1.483316800301337
portato	1.4823090143594793
quanta	1.4814810155087044
presa	1.479666095096593
vacanza	1.4793947761423776
saprei	1.4766031412240257
lascia	1.476469741452177
chiamare	1.4762490442177905
incontrare	1.475578058647157
qua	1.4753429807695864
vede	1.4751807425913153
stanchezza	1.4750461402335355
portare	1.4747354384922589
gia	1.4743692404906912
sarei	1.4743378488674546
tappa	1.474305238442604
mangiare	1.4732343273907411
fine	1.472854139766308
linea	1.4724592081020238
nord	1.4716376810088234
avere	1.4707117029324739
party	1.4700042743701385
chiedono	1.4697960829652177
star	1.4694819857279564
pensano	1.469137630735883
mio	1.467311589223815
fila	1.4664155586486536
perdono	1.466337068793427
tanto	1.466177440953993
stazione	1.4647392763117368
gelato	1.4643846581671252
sorella	1.4643213454743482
portano	1.4629014825920876
roba	1.462708258688553
piccolo	1.462212765144533
notizia	1.462160111894604
ex	1.4621004310950472
sociale	1.4611784295485009
scaricare	1.460706423286599
cambiato	1.4602241651558017
posta	1.459966698328801
diritto	1.459876170511027
figura	1.45880857197915
capodanno	1.457660224767738
lui	1.4575826126542257
minuti	1.4568749927556441
ipad	1.4567893718044915
pare	1.4556134436682897
nun	1.4555657453506003
accorta	1.4554144509773463
dieci	1.455287232606842
fatemi	1.454731522673119
stavolta	1.4511062298205881
capisci	1.4508328822574619
incontrato	1.4505407835260142
diventato	1.4504623933763103
cinque	1.4502939439528515
nera	1.4459100707942452
venga	1.4456019268723783
piedi	1.4446287807247769
figlio	1.4445239193048538
ottobre	1.444227996112867
sembrano	1.443671473703193
londra	1.4424581882706708
spagnolo	1.4411656718022805
infanzia	1.4410361186720664
scrivono	1.4405468876811627
guardato	1.4398271088338834
parto	1.4389469241206163
passata	1.4371527783533815
cazzata	1.4369182666344644
potevi	1.4365859403660797
smettere	1.4330298707756584
avendo	1.4312762058658717
totale	1.4301552118966583
barba	1.4291760886031564
francese	1.4285905056385984
carica	1.4275981672611264
quarta	1.4266879983836493
pagine	1.4264381596155076
ponte	1.426016850306729
estate	1.42583672685542
vacanze	1.4257991688527503
caldo	1.4252146769646126
michael	1.424088520556469
errore	1.422515624554209
oggi	1.4214724008454929
inizia	1.4194642844719156
pensavo	1.418310575018849
ask	1.4172124005232007
farei	1.4170402734651486
solo	1.415985311179179
compagni	1.4156219762144104
uscito	1.4152294719793428
entrata	1.4125978239117916
fermo	1.4114722339405779
vicina	1.4105976919302212
piscina	1.4095369976224865
danno	1.4092793627857556
metro	1.4082850568854626
tipo	1.4079811843311094
sveglia	1.4078585390357312
crederci	1.4077167967072974
assenza	1.4075850839287722
sa	1.4075760817974197
vestiti	1.4072010459392044
arrivato	1.406863749367999
sette	1.4066485721116642
fatica	1.4062348857329325
na	1.4057515331424488
vedono	1.405704754639714
metà	1.4052828928893384
ragazzo	1.4033649029195656
impegni	1.4030003961604138
tour	1.4026144568976548
sta	1.402364710996347
maturità	1.401473925026808
andranno	1.4013538067101219
ultimi	1.40116261758673
chiudere	1.4006643014028435
affatto	1.3998919693852743
visti	1.3994704373836075
era	1.3973904082377977
miei	1.3973185780552646
facciano	1.3964104842830438
viste	1.396401128789665
fosse	1.3963428382356051
regina	1.3954317533693288
ste	1.3951483294371454
auto	1.3943041549443944
analisi	1.3942625307690675
prof	1.3932112581732299
fuori	1.3929415806807957
ferie	1.3924515215166202
avrebbero	1.3920177471725759
ultime	1.3914599044207863
verranno	1.3910449638784885
ce	1.3905996212830036
scena	1.389707980971815
nonna	1.387620621261244
vecchi	1.386734405131392
problemi	1.3832970564481366
cani	1.3829849262185234
fratello	1.3825745800173586
entrare	1.3820116993278897
senza	1.381452561415183
talmente	1.3808629711226839
ultimo	1.3799647375173119
via	1.3794456894039893
invidia	1.3783060907661833
devono	1.3774217826162922
oddio	1.3762902090431912
ha	1.3758347177471377
giocare	1.372909166562237
denti	1.3724489542978375
pa	1.3723584196909222
sente	1.372020104480595
niall	1.371721409995088
chat	1.3714224151539194
pizza	1.370626574590501
palestra	1.3704962442432995
scienze	1.370378905813991
sensazione	1.3703327163190135
cugina	1.3657410000140242
sentito	1.3657204323488281
pesante	1.3651561810153827
dormito	1.3649845745331395
governo	1.3649782433956559
facevo	1.3638295190836505
avevo	1.3637746215052933
qst	1.3615075821374347
cast	1.360021378061273
stra	1.3594671188867464
prenderlo	1.359457707166331
rischio	1.3592889854506296
indietro	1.3588117154260586
sentire	1.3583029249594594
single	1.3578384417512075
no	1.3576118516281435
girl	1.3569476186542933
me	1.3565951373022243
sky	1.3563578690399158
vecchia	1.3551730547576295
bagno	1.3538492031137808
italia	1.3535391683239975
messi	1.353292137100586
riuscito	1.3532638354434088
pensando	1.3530758348371628
paese	1.3510656692361467
ma	1.3504279183891779
scoperto	1.3477093277870194
completamente	1.3469467900261893
tedesco	1.3467669569894394
tempo	1.3462478055412028
vento	1.3454863673976811
chiedo	1.3441335502956127
cugino	1.3439499624557185
recuperare	1.3421479087684167
scorso	1.34140517714124
fanno	1.3408774667402463
gradi	1.3404381357516544
cucciola	1.3404176391707394
partire	1.3390042260784336
torna	1.3386743563739745
biglietto	1.3360523364393808
colpo	1.3360092807963342
sò	1.3354300364965503
avrò	1.3349578897715597
frutta	1.3338307915841496
svegliarsi	1.3328056761689044
praticamente	1.3326496334128728
omg	1.3321415080150718
fino	1.3313954342994585
scappare	1.3308785219783212
cercando	1.3303590173378705
tvb	1.3301374496170315
cioccolata	1.3298376524522335
camera	1.329169105427731
stanza	1.329055142463931
inverno	1.3286801682005982
ieri	1.3284621900957847
messa	1.3271280897743092
pc	1.3266296803038824
rivedere	1.3258238201345645
macchina	1.3243256346449812
pigiama	1.3232040661586844
vanno	1.3227287847134879
cwc	1.3217558399823195
aereo	1.3209962501243009
però	1.3205839534936437
farli	1.320230075070195
parlano	1.3190563891766174
secondi	1.3185950313452302
ritrovo	1.3184089566286108
bambino	1.3182896320058333
prendere	1.3175070183563018
brutti	1.317432783534526
bo	1.3149914398937774
togliere	1.314917698277663
domani	1.3144079491177736
concerto	1.3143761391267217
han	1.3143208614948014
minuto	1.3136505180710583
fanculo	1.3133015453676073
biscotti	1.3117918338219696
ipod	1.311250400129701
zayn	1.3111386201414477
km	1.3096446040329686
figure	1.3084813087736233
lavorare	1.307290805907224
dicono	1.3064841792733648
streaming	1.3057685058353634
andava	1.3053165806084455
riuscire	1.305002187594788
avevamo	1.3045817895809495
abbiano	1.3027154032343713
scusate	1.3025953422432437
nutella	1.3015765631173604
alta	1.2997296120965955
pagare	1.2992829841302609
trovo	1.2992070972017478
giù	1.297637109964321
poca	1.2969708443718813
tornata	1.2965632903435307
avessi	1.2952358729502675
mangio	1.2950637502480367
nessun	1.2950029409104835
passati	1.2947946462542996
gita	1.293821932961044
idem	1.293317904661786
andando	1.29186920623212
abituata	1.2909187341477686
economia	1.2904929015218478
dormo	1.2875595204342016
vedevo	1.2868554023655017
sogno	1.2849526854090882
puntata	1.2847579419004678
classe	1.284158071988309
idiota	1.2834425164449745
piu	1.282096956609074
arrivata	1.282079227244814
ho	1.2812437485667596
fare	1.2787739046644806
mi	1.2759600029469031
grave	1.2746883291243336
politici	1.2742347115161925
telefilm	1.2722636750820575
louis	1.2716993141493453
invece	1.2698029217390308
lasciare	1.268549157677642
scorsa	1.268466360423818
svegliato	1.2683649447269507
venuti	1.2676180694862922
perde	1.2627964974849457
america	1.2626710467200641
difficile	1.2616668896711025
ferma	1.260931836249164
mese	1.2607739682597232
genitori	1.2606506888351086
arrivano	1.2600508716529595
capitato	1.2599702069003174
whatsapp	1.2596629465853646
sbagliato	1.2586615496359794
stamattina	1.2585747069874558
sacco	1.2570601406313864
mentre	1.2567494466421372
messaggi	1.2565633812615093
capace	1.255869876798848
boh	1.255795486122297
venuto	1.254392960706299
liam	1.2541503870245443
coda	1.2510887675350815
vogliono	1.2497729827127364
avuto	1.2488419496673762
nè	1.2485524359590245
giorni	1.2476609833567274
nulla	1.2473943344657819
poteva	1.2468401989920668
troppo	1.2459850180892207
mai	1.2458895752194055
vedere	1.2458202006797794
inferno	1.2451390433847087
stanno	1.2442311113669897
andrei	1.2439624525420945
mancava	1.2427957563011458
mo	1.2427208159814056
ormai	1.239560552620332
harry	1.2394479204490478
sama	1.2388707441772133
ore	1.237812027189411
aspettando	1.2373749345463614
computer	1.2361140135377329
scema	1.2339002248674091
dura	1.233795065788557
casa	1.2317728638006304
gay	1.2308442827877217
mezza	1.2306589938308632
stanco	1.2299725563896484
capiscono	1.229670694708934
mette	1.2292623633236563
dormire	1.2278686590196526
vederti	1.2274232261168503
dio	1.2266257340087516
studiato	1.225884446621512
mesi	1.2247369091060007
mettono	1.2245594379343243
iphone	1.224198279508891
situazione	1.2212634310189063
esame	1.2212278140850394
chiamata	1.2202573980904365
treno	1.2193235841035814
io	1.2192477556365575
ero	1.2187976631225967
gg	1.2182529877180073
tantissimo	1.2160933791916682
gatto	1.2145918973253425
sn	1.2140520833206385
ke	1.2133405543295361
biglietti	1.213182482743461
ginnastica	1.2124758763681822
eravamo	1.2124702523807511
gamba	1.2118884129385972
quei	1.211775287619005
teen	1.2113832952164207
sto	1.21041528298003
sti	1.209002746566274
farmi	1.2072362037536972
vc	1.2068940652003528
aku	1.204906947317733
escono	1.2039728043259361
mas	1.202656148441189
bho	1.2015456186683249
unfollowato	1.1997849429854612
password	1.199037569139205
comprare	1.197936485505151
stagione	1.1977100003561125
concerti	1.1971795269064107
vengono	1.195996344486955
ufficio	1.1940434313369828
quanto	1.189508932013684
faceva	1.1885605253310492
credevo	1.1880264732917527
albero	1.1866519433833054
solita	1.1847272066107024
danni	1.1834511686051392
ultima	1.1827960223022955
addosso	1.1827843896836574
chiamato	1.182243087740521
passando	1.1817897951470175
hanno	1.1809193191447176
iniziata	1.179686988177302
minchia	1.1788668831948597
coglione	1.1788439786723608
por	1.1786549963416462
immaginare	1.1777903183802925
ancora	1.1679258579727714
valigia	1.1675137064991374
mangiato	1.1673058792146602
capelli	1.1664412886748918
twitcam	1.1632064132419875
aveva	1.1631270993576708
problema	1.1627733231076043
neve	1.16241428209122
glee	1.161244561936178
rido	1.1590051124259744
restare	1.1586249843474767
pezzi	1.1576795203550911
unica	1.1553976841636646
gdr	1.1553773114723005
avrei	1.154267126862448
vaffanculo	1.1541178642090661
tette	1.1538355794313042
impegnata	1.1537476008276437
mamma	1.1534294958698226
finisce	1.1534030615746862
né	1.1506914377129993
emilia	1.1499949445677164
seriamente	1.1488142373181802
aspettavo	1.145937911371466
inutile	1.1429982725840933
uni	1.1428672976721503
pensare	1.1421568306735361
atto	1.140991511636971
stare	1.1409674739328566
viene	1.1403120078481712
smettila	1.137316172557351
sentivo	1.1352556808070906
sangue	1.1352464218478902
uovo	1.1346453168077546
testa	1.1327691448220867
lunghi	1.1323138774790853
prende	1.1314938798677823
erano	1.13105976772836
esserci	1.1294528757368387
finito	1.1288994971625084
starò	1.128834369016691
apposta	1.1282880568142262
notifiche	1.1255451710276978
credere	1.125280535750271
venuta	1.1252376852098884
cita	1.1220470785604053
aggiornamento	1.1215031307970125
quinta	1.1212853246829826
cell	1.1210510712285147
provando	1.1178356135936383
dovrei	1.1159228444266776
dubito	1.1147622359392244
nonno	1.1142376065711905
tipa	1.113318436057805
autobus	1.1132538386610578
padre	1.1130403026465983
stavo	1.1130195355553945
raga	1.1128643113753112
cagare	1.1055327315126835
madre	1.1027114186858564
real	1.101578769633206
niente	1.101364337143728
annoiando	1.0999554722145772
braccio	1.0979467312392153
non	1.0975876422982243
cadere	1.0930412436186543
bimbo	1.0920116046367576
pochissimo	1.090784460047863
scendere	1.0906631212136868
gambe	1.0875274562436166
finita	1.0863940915588053
cellulare	1.0862098649306438
periodo	1.08446294275992
esistenza	1.0814198881277368
botto	1.0800243929000188
tenerezza	1.0793082901531412
dieta	1.076139432816051
andavo	1.0728727904665343
smesso	1.0723593905146824
morire	1.0723356609369492
stava	1.0713845410743499
dito	1.0712757345043593
cercato	1.0675702647362382
com	1.066036118233497
sopporto	1.065275868400518
piede	1.0642647398096843
giuro	1.063716912817494
prego	1.0629086445706348
capisco	1.0582573953686873
episodi	1.0563182902586667
so	1.0561168486393904
perdere	1.055876633407384
puntate	1.0536704316500378
sentita	1.053205218208223
saltare	1.0527747504526432
potessi	1.050996982671802
tenero	1.0504243527613837
batteria	1.0502292077528237
successo	1.0481974287716758
ansia	1.047904766914162
zero	1.0470786385529267
internet	1.0445450673978338
eppure	1.0409594372408324
peggio	1.0408087463742974
decente	1.0403739611162988
diventando	1.0403433805441338
lou	1.0382096670745868
perchè	1.0366076460659008
soldi	1.036421281459208
cioè	1.0362668923210794
andati	1.035300009253783
stanca	1.034370019939756
dimenticato	1.032184983012571
succede	1.0319305853493215
amor	1.0308471644194808
don	1.0303853420728633
troppi	1.0254517797526344
piaceva	1.0248461384285006
pullman	1.0245043165143877
episodio	1.024250412742553
posso	1.0241090208710701
settimane	1.022723558698184
riuscita	1.0216859540880534
uscire	1.0198258329013024
buio	1.0172767559922682
cagata	1.016228407210528
toccherà	1.0118147925476515
dovevi	1.0110142293501239
lontano	1.0101283930859557
rispondi	1.00456492773003
pioggia	1.0038447204267835
prendermi	1.0023354582326898
venire	1.0021160969815754
limit	1.0010750164529094
crisi	0.997011175934189
fidanzato	0.9962502760065399
dormendo	0.9957694464617993
avevano	0.9945963823915952
nn	0.9921924334687738
neppure	0.9920690407612339
perché	0.9909375316556823
distanza	0.9888216409158175
xke	0.983587875450806
telefono	0.9830133194948263
esami	0.9829682912604757
fermata	0.9806226200943674
ultimamente	0.9787437465207048
saputo	0.9759203166586434
greco	0.9741025269853062
nada	0.9729671018387777
facevano	0.9707789171582248
troia	0.970515049994962
frutti	0.9688458861246299
cane	0.9671653644035351
esercizi	0.9663362457091594
parlate	0.964022134695345
chiusa	0.960852559934066
casino	0.9601648492955871
impossibile	0.957986633750185
stupida	0.9554117987715619
dolori	0.9536782639457755
mettermi	0.9525196701706138
stupido	0.9523820184365279
causa	0.9491682086394382
vederlo	0.9487386346073774
ioo	0.9440842503458075
rimasto	0.9439587172033986
interrogazione	0.9432123894404194
sbagliata	0.9355426633734764
madonna	0.9351846812341168
grigio	0.9333487147787317
pero	0.9328200338253656
prendono	0.9277800319219108
rimanere	0.9251112826341359
darei	0.9241598965234985
beato	0.9202827531436925
miss	0.9183271620382654
naso	0.9145450229641319
provato	0.9140410121401396
xkè	0.9115435986212047
noia	0.9096962661488743
stanotte	0.907484296286296
poter	0.9047699845785467
mancato	0.9024743094519095
ta	0.9012024322229532
voglia	0.8993359293396442
troppa	0.889198930165802
stavano	0.8889985895861475
sonno	0.8884820144168107
odi	0.887435970676594
vederla	0.8853481601650994
svegliata	0.884509482006049
que	0.8839159925527654
cazzo	0.8802713727519366
riferito	0.876263755283677
vorrei	0.8729216311944628
scuola	0.8729207464536322
lasciato	0.871982235779211
freddo	0.8706056614785382
puttana	0.8690378470236095
fisica	0.8685290842433594
rimango	0.8685188158700891
chimica	0.8600541739527131
tocca	0.8578706943661756
sembro	0.8568584574972322
troppe	0.8508629265516998
lontani	0.8507509024922615
finirà	0.8466738354059551
chiuso	0.8397292339071959
promessa	0.8392516389115743
devo	0.836548150684746
compito	0.832822795726153
latino	0.8322729354118394
selfie	0.8277866065388296
potevo	0.8245734638471126
babbo	0.8222422653974929
risponde	0.821056885034258
dimenticata	0.8158345909314185
perdonami	0.8141564257400401
nessuna	0.8068064990324668
speranze	0.8057488574743312
coccole	0.8010625692832524
luke	0.7994041552648088
datemi	0.7980820737384797
caduta	0.7950076021249889
verifiche	0.7891111688216891
wifi	0.788282855521318
perche	0.788158395527782
rotto	0.787521199276204
sola	0.7835384072254186
finire	0.7765045858983062
matematica	0.7723337645188837
ciclo	0.7682868251460365
studiando	0.7624298651194946
rabbia	0.7520230406366296
morte	0.7517757937296651
vederli	0.7442359930759602
verifica	0.7439999985482145
sorry	0.7412664289041436
nevica	0.7403174969818588
nessuno	0.7309726945294083
mancanza	0.7298485474103733
invidio	0.7282065417895346
rotta	0.7169012665680524
ricomincia	0.7126304975636378
cucciolo	0.7111362183960186
tolto	0.7090422809043949
volevo	0.7072057314536412
male	0.6998845943661038
vuoto	0.6987855362142119
lasciano	0.6954224943970809
voluto	0.6933826686100151
spoiler	0.6870008797112512
iooo	0.6868080151162097
nemmeno	0.6780864000717994
connessione	0.6744783122889154
dovuto	0.6739559365788266
forever	0.6644015759199667
neanche	0.6620855313964034
andare	0.6558511418802081
merda	0.6538901636165444
cacchio	0.652561900444867
ritorna	0.6520912952656149
dover	0.6504554046396023
tornare	0.6485958847996873
sento	0.6474962209205023
lacrime	0.6473656125146316
retta	0.6459161801812736
ioooo	0.6455787636408357
eu	0.6432710976528083
xk	0.6391067714570328
muoio	0.6362212437639357
odia	0.6357313001892232
nnt	0.6348569046863133
ditemi	0.6334666972872868
riuscirò	0.6295471860046385
doveva	0.6294854678959086
potuto	0.6287231348389035
potevano	0.6267447259843114
yo	0.6145771286181163
assurda	0.6132925665576114
assurdo	0.6108196528827419
manco	0.6107421341985045
lontana	0.6067473869787734
peggiore	0.6054931300263443
aspettare	0.6025937478382453
sognato	0.6003749861355215
mancata	0.5984935995973321
fame	0.5861677229316009
odio	0.5853964635849073
morendo	0.5837527748011828
indiretti	0.5796090492368869
schifo	0.5775992616467467
pra	0.5673777932709119
litigato	0.5671064596645803
finite	0.5604286859614899
beata	0.5587268550900821
malata	0.5586162876023392
schiena	0.5541928528811205
dormono	0.5517210100884145
persa	0.5509906475185063
disastro	0.5490755058999904
svegliarmi	0.5465437063680699
perdo	0.5457715428240816
voglio	0.5446601487632174
tranne	0.5443726597949563
stomaco	0.5433147270077228
stronzi	0.5429360987367673
piovere	0.5395750370519765
nu	0.5313041551095313
finiti	0.5297376265385303
rovinare	0.5295177567781433
finisca	0.5283769319052267
brutte	0.5273549257172012
perso	0.5213664893346408
dovrò	0.5174585683148504
stronza	0.5147528891226942
ospedale	0.5067009060413362
colpa	0.5063644210743085
studiare	0.503337791993893
stronzo	0.49878085380442666
faccina	0.4985869623948104
temo	0.4980273106226813
muore	0.4872414192207908
andarci	0.48652459268678766
cancellato	0.4864053476295365
nostalgia	0.48030316717465465
riesco	0.4770143370179331
nooo	0.47321734384883135
blocca	0.47245161088437565
distrutta	0.47230512623401477
paura	0.4686392224409052
mannaggia	0.4643056081310978
dovevo	0.4573571019346431
sfiga	0.4537591174671205
compiti	0.4534337646324499
soffrire	0.4517814992259619
aqui	0.4405564279194345
cavolo	0.43547109637339115
dovevano	0.43213335519032575
saltato	0.4314051291167802
dovuta	0.4213167655257523
piove	0.42060053217326504
bloccato	0.4203480387998747
noo	0.4079542195364314
rovina	0.39361415030853475
unfollow	0.3805188401615872
noooo	0.3754127630417626
ritornare	0.3731834153774074
mancano	0.3721641209811926
annoio	0.36464311358790924
arrabbiata	0.35621717327383756
faccine	0.35354505092980465
vergogna	0.35190166518607474
potrò	0.3391993560887841
odiano	0.3331165287742406
influenza	0.3282337601721743
spiace	0.32520815297799704
cacca	0.31879933333382876
abbracciare	0.31826232524178993
punizione	0.3049157748630446
morta	0.29553404773446623
ni	0.29312027870092494
ahimè	0.29292642296966726
manca	0.2851657670898884
brutta	0.27537713726140206
maledetto	0.27329333499968134
poveri	0.2688533582760598
dolore	0.2638434414988129
nooooo	0.25888891792922325
ginocchio	0.2554953859558797
raffreddore	0.24471886605898688
incubo	0.23764112638069623
ave	0.22871459636366517
addio	0.2269238131173687
rimasta	0.22412828797674927
deluso	0.22054276961415237
vergogno	0.21436953982031315
gola	0.20438604697805662
pianto	0.1975890289247431
cattivo	0.19421385301351768
palle	0.19337139298053962
tristi	0.1933409520435652
terribile	0.19217123046157153
tosse	0.1920339977295597
pipì	0.19010802550022413
pancia	0.18799254010743657
alzarmi	0.17925524546080948
bloccata	0.1784215341232726
peccato	0.17313591628978517
porca	0.16056728624575647
perdendo	0.14276351862482498
confessarti	0.13210384063333727
speravo	0.1270794642047705
sfigata	0.12537839345260396
brutto	0.12341835330076817
marie	0.12207488773792449
abbandonato	0.11760293660141675
caga	0.08290199867629512
mancate	0.0828631160135052
cattivi	0.07950084908536657
caviglia	0.06762018767497929
cattiva	0.06623009188206117
morti	0.04211985323585513
piangere	0.04004903613233396
mal	0.03296089724855922
depressa	-0.01916991610772017
dispiace	-0.02910100701222698
alone	-0.03328094176549715
pecorella	-0.04776032587141678
smarrita	-0.05208933696100241
caghi	-0.05678381185017752
morto	-0.060244665945199075
febbre	-0.06839168914360515
depressione	-0.08299691957096791
nossa	-0.10361226346429699
terremoto	-0.10991929919616895
purtroppo	-0.11358198425770584
dispiaciuto	-0.1207285458861403
incidente	-0.12293326163269927
orribile	-0.1351747783682526
potuta	-0.14141165404982853
piange	-0.15001331356129685
soffro	-0.17290042648233742
rovinato	-0.18502791839169763
piangendo	-0.1980829780580264
poverino	-0.2141008319404717
ir	-0.21637915122566764
mancherai	-0.23307558072430848
povera	-0.2483932967003295
delusa	-0.25102351918794535
povero	-0.2616615237498848
delusione	-0.29530247649147123
poverina	-0.30020282910251206
mancherà	-0.305208504368514
nao	-0.42945753485138566
sem	-0.4850049241442479
manchi	-0.5128382988545295
malissimo	-0.5747245542197821
triste	-0.5756949302340915
quiero	-0.706392407309966
rivoglio	-0.8624210219614243
bruttissimo	-0.8666191220769174
tristezza	-0.8702693742728561
piango	-0.8797783275485747
sigh	-1.0330696793733107
uff	-1.052291398055105
uffa	-1.4218042581552557
ingiusta	-1.6722508076042017
uffi	-1.7237313831512024
