ricambierà	1.0
aumentiamo	0.8045149989556235
fback	0.7564105848064686
ricambi	0.7042090918174988
seguirci	0.6674429653354568
guadagni	0.6674261801463284
seguindo	0.6601932840997204
ricambio	0.5983260935915193
segnalare	0.5541501129486246
ricambiare	0.5541090969790605
benvenuta	0.5536355063539986
condivisione	0.5329101001733532
disturbo	0.5109374251535284
bacione	0.5029699436282844
claro	0.5028651607503696
benvenuto	0.49450311678221004
gentilissima	0.4786758345128843
gentilissimo	0.47480007913411404
ricambia	0.47445115402810667
mille	0.4629018291165319
altrettanto	0.4417866371335597
benvenuti	0.43465412259734015
pergi	0.4333660112082651
occhiata	0.42793854903438855
anticipo	0.40709766218683585
bye	0.391418012320776
shoutout	0.3863085695616002
braccialetti	0.3824014390554915
splendore	0.37543057373530564
potresti	0.36658699847343024
follow	0.3556073568041176
grazie	0.35539063751777156
seguite	0.33707057328746726
scambio	0.3265493337849932
aggiungi	0.316764701357898
buon	0.30969718614267894
follback	0.30568519748283274
seguitemi	0.2991434815064906
segnalazione	0.29882222622787213
seguirmi	0.2932157182116817
piacere	0.28866401151337273
serena	0.2876785677771787
sereno	0.27252703665376043
crepi	0.27129354119750837
ricambiato	0.2628483413563367
silvia	0.2610234955625923
gentile	0.2595271219927979
complimenti	0.25890742897992625
back	0.2584783474357162
carissima	0.2570661188515191
buona	0.2557896219183693
buonasera	0.2508279982875268
auguro	0.24730923631432078
consiglio	0.24676151368268395
buonanotte	0.2433277378059211
hei	0.23801525477594754
lupo	0.236114784324712
segui	0.23281794371760034
posizione	0.23132868272760465
aspettiamo	0.2301054381535721
infinite	0.22994853757569977
like	0.22360024120898947
dolcezza	0.22215139030864806
crediti	0.21732480642877605
ciao	0.21422038501274798
splendida	0.21249474425753245
buondì	0.2107889169980497
baci	0.20782990830774462
abbinato	0.20686201249967184
ringrazio	0.1997598925714661
informazione	0.19510229838611748
aggiungo	0.1887260654673506
apprezzo	0.18784084420935643
opinione	0.1833556487113468
raccomando	0.18310466570538697
stima	0.18189190320154136
aumenta	0.1808915758077314
ottimo	0.17972429907369114
stimo	0.17738791614950933
dolcissima	0.1759173664125917
meraviglia	0.17542811142414472
buongiorno	0.17491196226608818
preoccuparti	0.17308994356912621
ottima	0.17175141572395192
info	0.17146580580306048
proverò	0.1691621360036628
farai	0.1684738199916933
parere	0.16763188533828766
ciaoo	0.1665350199252964
onore	0.16466359303810085
lettura	0.16404693953169747
vedrai	0.1638433600412934
bio	0.16368499157455818
spacca	0.16360311687880125
conoscerti	0.16212046504181954
saluti	0.1615704945730656
ognuno	0.16055866861961965
piaccia	0.15854221497248044
averci	0.15638766233631562
potreste	0.15611324712435004
hey	0.1540767610623539
seguita	0.15218027746372642
ehy	0.15130425850651963
avermi	0.15119676276135152
paola	0.14978235339108337
fantastica	0.14858701451923428
avermelo	0.14388299296427776
lista	0.14341247584536565
certamente	0.13952422457231384
followers	0.1384603745594679
sorriso	0.1363728711057537
visitare	0.1349566225968568
saluto	0.13490267534061529
aww	0.1338695463460695
sommato	0.1332127939634029
ciaooo	0.13277674103096193
trovi	0.13251761353427272
emozioni	0.13247533683145019
recensione	0.12787410527631682
complimento	0.12740604573715375
seguendo	0.12482464284015138
sorridere	0.12477594181015328
pasqua	0.12464543346268031
cara	0.12416848475130737
utile	0.1230596438864131
grandissimo	0.12072200976152181
meravigliosa	0.11946062735470453
seguirti	0.11892934067372263
buone	0.11872491489201731
bella	0.11568510791603814
contento	0.11476756197371496
meriti	0.11424225848721603
bravissima	0.11390687627843321
tranquilla	0.11097960342891589
campione	0.11075266581823939
figurati	0.1103776120225124
francesca	0.11005561708640554
seguo	0.1097191391387573
curiosità	0.10963755764292338
canale	0.1092247384941698
bg	0.1081943574748574
ferragosto	0.10754272230319839
happy	0.10623912990964679
blog	0.1051457626762482
fantastici	0.10390875428481938
bellezza	0.10251622039417363
retweet	0.10248644480406388
cari	0.10177122711850162
bacio	0.10066699200269857
bellissima	0.0991541207488309
emozione	0.09851121462791612
chiederti	0.09730870550563808
auguri	0.09575024646666663
seguito	0.09543608729569097
importante	0.09454953730073101
stupenda	0.09386653937932032
interessante	0.09284420088324419
gusti	0.09232799253324608
consigli	0.08947230786202187
aw	0.08807907210626476
mando	0.08756379224961197
instagram	0.08750952555084801
stefano	0.08747301504938809
okay	0.08728807498100521
serata	0.08633965301052404
relax	0.08473380727246171
meraviglioso	0.08384803994245948
te	0.08321881006390486
voto	0.08294235307236542
racconti	0.08101172410553925
contatto	0.07939476386060562
risolto	0.07901148366332444
bocca	0.07890508587875678
fantastico	0.07817965597430421
certo	0.07751774566632763
contenta	0.0772021110303982
pagina	0.07578680385903303
follower	0.07467899571387338
andrebbe	0.07374301796973626
ehi	0.07269962683551712
link	0.07221641953865832
tranquillo	0.07196942523798655
aumentare	0.0714461928856851
giuseppe	0.06896687962776138
rossi	0.06879127423062092
ascolto	0.06796972426315762
abbraccio	0.06723671368796746
youtube	0.065716496502074
good	0.06548859458697476
supporto	0.06488090123815549
divertiti	0.06475270573176028
finalmente	0.06467030517489514
lj	0.06414797332683797
perfetto	0.06358548118360918
adoro	0.06351888743034273
francesco	0.06341031864651492
daje	0.06297869277148704
passione	0.06295462914562577
faresti	0.06293609074087825
felice	0.06250824627606133
ok	0.060232051850880985
guardarlo	0.059158598947548935
rt	0.05762020817167679
antonio	0.054875907626903864
wow	0.05456255850358893
giornata	0.05450918526831838
preferisco	0.05404329338616076
particolare	0.05345433362505214
notte	0.05329415907614954
sostegno	0.05167957257084543
aiutarmi	0.04859927724639723
fai	0.04705003351667569
cercherò	0.04405710966152987
ff	0.0440329042522174
speciale	0.04384588894878272
puoi	0.04354015764876551
gruppo	0.041847839369915985
seguire	0.03964019612073422
chiami	0.03930058620860666
app	0.038862415678803996
stupendo	0.038084425793708965
pronti	0.03565610388037199
luca	0.03477992195325896
articolo	0.03384625521371576
invito	0.033388860762439965
positivo	0.03257042740250937
sisi	0.03146723874961954
avrai	0.030717222317912185
calma	0.030452237233241863
pensi	0.030131143778104885
velocità	0.029688387563891583
carina	0.029436278822557504
banner	0.029025505367232363
direi	0.02770214965773543
bellissime	0.027676807102406498
intestazione	0.027596997416107216
conosci	0.026903555458692052
risate	0.02683965867625515
bravi	0.026747036535744506
metti	0.026534913226862633
grande	0.02651644242453366
fammi	0.025046493703426487
esperienza	0.024641616613969575
semplicemente	0.024466110163825716
contenti	0.024181896261755487
seguimi	0.02413654060576209
directioner	0.02367240701687834
vigilia	0.02322493160484096
creato	0.02274669180475941
fiducia	0.02258776536071938
condivido	0.022020642784970956
oro	0.02173405591200339
laura	0.021447165118532396
piace	0.021211573512568194
social	0.021094512968811818
apposto	0.02004501796503244
aggiunto	0.0190547959966485
importa	0.018995373893955225
vediamo	0.01876299954665317
sembri	0.018461287158838102
posti	0.018391658814670864
fabio	0.017891566873652343
privato	0.01780785708456789
conosciamo	0.016897051909371408
dirmi	0.016633403659183754
michele	0.016387559879349922
beh	0.01633827966510193
carino	0.01623464568101185
tifo	0.015637999668430824
pazienza	0.015313387573180126
accetto	0.015144805573676479
chiaro	0.01492933883821701
carlo	0.014903043866133725
vino	0.014223908001347985
bè	0.013970719503301421
volentieri	0.013792305972487595
andrà	0.012973621087543963
preoccupare	0.01251258971685254
spettacolo	0.01045011179898192
awww	0.009966043550739379
vittoria	0.009878624127112934
vostre	0.009553575289175331
sentiamo	0.009358507368234736
paolo	0.008989958676996146
vostra	0.008655609888889915
nick	0.008570853677390744
merito	0.00795897930896916
miglior	0.007034290009782174
ahah	0.006393534837974002
farebbe	0.0057822924918704555
tipi	0.0044703087628858995
yes	0.004225892770655326
vostro	0.003848322576279317
eheh	0.0030416495341036853
juventus	0.00302841034369572
novità	0.002985447382219286
tantissimi	0.002893904730850494
hashtag	0.002654453894481712
dipende	0.0025915458866119234
gioia	0.002344350805141726
dirò	0.0022833758757494493
entrambi	5.024201013901219E-4
coloro	1.0052126369552994E-4
perfavore	-8.526595880536947E-4
fidati	-0.0011788916822036422
perfetta	-0.001751520279210328
tesoro	-0.0023842061552585836
belle	-0.0036601865702485803
andrea	-0.004225091631916422
profilo	-0.0065381150013865685
chiedi	-0.007968528819926157
commento	-0.008563072753631218
tuo	-0.008939271157627937
bellissimo	-0.009196849570765608
chiamo	-0.009631404123987886
accordo	-0.009753451998721463
tue	-0.00985154388744125
benissimo	-0.010225299830307066
comunque	-0.01035409166888579
interessa	-0.010730572014675754
curiosa	-0.011350860720694689
affetto	-0.011475034163159314
maria	-0.01217539263969969
divertente	-0.01296935600505389
piaciuta	-0.013581663344663153
meglio	-0.01380940910088535
icon	-0.014601878721227535
lol	-0.015009404858253084
marco	-0.015597310687637145
felicità	-0.01581546303173098
bravo	-0.015938313621327693
voi	-0.016138091682655342
scrivi	-0.01626145606896856
allora	-0.01635152276899876
max	-0.017217339127078013
favore	-0.018206413612722905
ahahah	-0.019004130341906178
simpatica	-0.01947581792833397
bel	-0.019505501118288082
natura	-0.019514997468113582
domenica	-0.019554297671623977
colori	-0.019565561524545916
mario	-0.020858536970244645
dubbio	-0.021441346269906236
account	-0.021937794703695834
provincia	-0.022472213642685257
sognare	-0.02280241126077276
nuovi	-0.023264643982973454
following	-0.023519549627293967
tanti	-0.02375940327369641
buono	-0.024281738823337173
tuoi	-0.024403067938198575
ascolta	-0.024494614756275457
concorso	-0.024941425277412055
conta	-0.024960346301336367
perfezione	-0.025016540127813403
progetto	-0.02538820881884918
personale	-0.02545869678488566
lorenzo	-0.02556077251933908
richiesta	-0.025775112241044784
condividere	-0.026697762856574547
immagine	-0.026898851359978382
ahaha	-0.027960461876822884
attenzione	-0.028679412389343018
subito	-0.028836284596467587
pranzo	-0.02893574041876079
haha	-0.028981815098300223
ben	-0.02925083418192509
entrambe	-0.02996113627425878
lascio	-0.03025475411039369
scelto	-0.030607532639732482
sarai	-0.030626263261769426
caffè	-0.030972736210958418
ovviamente	-0.03108385867503949
pic	-0.03186897675850797
felici	-0.03204344537550352
intendevo	-0.032203731765664045
dovresti	-0.03249183311530135
barbara	-0.03271440502298184
sogni	-0.03287424432941499
buoni	-0.03363183710186812
musica	-0.034335974586632734
chiara	-0.03577248114985421
cantanti	-0.03659188243525946
piacciono	-0.03706399110783076
fortuna	-0.03796357407857909
bello	-0.03927785890476487
matteo	-0.040382581529038064
signore	-0.04041281113583872
facciamo	-0.04063199924231553
aggiungere	-0.04082460354399897
merita	-0.04125515950909986
milan	-0.041355923458320065
breve	-0.04162690433080074
luce	-0.041668303874733525
diciamo	-0.04201686783172176
eccomi	-0.04210993585514555
vostri	-0.04226766698374873
sicuramente	-0.04295949387617659
martina	-0.04302351334125509
caso	-0.0437299299620989
fiera	-0.0437931406395341
pronto	-0.044428759418622676
esempio	-0.04445055174566648
semplice	-0.0444599340601054
prossima	-0.04466596571960457
faremo	-0.04468231190130223
donna	-0.044790051083969606
intervista	-0.0448256596730503
titolo	-0.045267168692398
bhe	-0.04569843708599797
dimmi	-0.04697946181820456
angelo	-0.04706095058477067
leggi	-0.04827222453009283
ascolti	-0.048280671626579674
riposo	-0.0487987030891055
vedremo	-0.04913081015163823
scelta	-0.049343232538415216
potremmo	-0.04948221548242837
tumblr	-0.0495207551329534
libera	-0.04969389712012129
cmq	-0.05020529574941335
molto	-0.05069020197906626
tua	-0.05075413396396533
juve	-0.051123298835022535
ahahahah	-0.0514877913971592
vogliamo	-0.05238709066159897
potrai	-0.0525147850646569
stile	-0.052575575942574226
linguistico	-0.05270349295601551
conoscere	-0.05289127670164073
ahahaha	-0.053934008647237075
davide	-0.05409461929152981
ahahha	-0.05441561178687726
qualunque	-0.05512484359746639
header	-0.05521231359255996
canzone	-0.05536411786069384
inter	-0.05594225043223344
originale	-0.056215457209221054
giusta	-0.0562905839050184
spiego	-0.05665713769018943
effetti	-0.05668854350117847
cena	-0.056777455744071226
donne	-0.05701904787948786
passerà	-0.05702674547999265
vuoi	-0.05713607987697045
ei	-0.057226156734002775
singolo	-0.05769968721586327
feste	-0.05818969231627591
anna	-0.058206620928520025
stesso	-0.05843809267072253
vincere	-0.05845594121373909
frase	-0.05847526599706643
ah	-0.05869936254264985
grandi	-0.05870085111608847
hahaha	-0.05874258499655227
sappi	-0.05890732122184128
salve	-0.059531032505594994
nostri	-0.05960768939582417
signora	-0.059934229902877
cantante	-0.060014114318203915
qualità	-0.060271403619826414
prox	-0.06029101469424025
colore	-0.06036252671719389
campagna	-0.060459545585620944
dormi	-0.06082825825467497
generale	-0.060839752709688
votare	-0.06098602660232921
capitolo	-0.06114285138236386
belli	-0.06126005645610544
oppure	-0.06136057923074634
cover	-0.061859277099732046
dedicato	-0.06193767198402744
vale	-0.06243577693937019
quali	-0.06245289650926422
caro	-0.06267170566495495
presentazione	-0.0634004357576049
nanna	-0.0635102703866588
post	-0.06369310613213786
vabbè	-0.06372986708244521
ahahahahah	-0.06388727507310854
love	-0.06459452738730542
sorpresa	-0.06482982478173693
numero	-0.06516106378299424
santa	-0.06536170089788051
simpatico	-0.06549968112676097
dare	-0.06556692312244061
natale	-0.06572465428463259
controllo	-0.06576076321466529
nostro	-0.06580396830279012
birra	-0.06588856870922133
intendo	-0.06621708542352767
for	-0.06638992039313296
rock	-0.06672586044606765
nato	-0.06683028872398433
forza	-0.06685055151350838
lazio	-0.06712630940079434
rispetto	-0.0671523577465748
intelligente	-0.06724565541503258
passo	-0.06769269308172676
disco	-0.06780860083528817
intanto	-0.06795611824868031
nuova	-0.0679856583793994
saremo	-0.06798957898043945
directioners	-0.0682519515383142
fan	-0.06846847001319589
forma	-0.0690739014261722
potete	-0.06942946873853739
iscritta	-0.06949971828922452
evento	-0.06967490501086038
direttamente	-0.07006772441615183
diverse	-0.07092468527805162
vs	-0.07110340834589468
fondo	-0.07130905658226572
ahahahha	-0.07212796208103522
sfondo	-0.07217909901412922
decisamente	-0.07242475103706603
gratis	-0.072552115390351
preferita	-0.07267916349099934
potrebbe	-0.07273140449925719
resto	-0.0727623768258382
bisogna	-0.07303953198884794
prendi	-0.07306936703828093
premio	-0.07312826214364887
passeggiata	-0.0732889418731929
futuro	-0.07340518927099204
leggerlo	-0.07387837780993944
dolce	-0.07432951031491264
anzi	-0.07484524377472668
vivi	-0.07490888387565309
qualsiasi	-0.07506190076571662
argomento	-0.07596422409621106
brava	-0.07614043544058635
twittare	-0.07615155698740783
guardi	-0.0762033286540833
posto	-0.07629190953071951
fandom	-0.0764741985424835
arriverà	-0.07648737039587694
testo	-0.07682328170423014
luna	-0.07688200227487296
italiana	-0.07699833923326371
risposte	-0.07706355369206375
tieni	-0.07748877231509599
mix	-0.0777853496547325
serve	-0.07782132752463833
ascoltando	-0.07783357163045235
we	-0.07803188382110726
imparato	-0.078075832573261
seguiresti	-0.07814596166284982
andrai	-0.07849107273100231
end	-0.07850707375956867
quanti	-0.07861989017188675
simo	-0.0786900877050658
presto	-0.07880187935989003
libertà	-0.07883349704025955
team	-0.07909862297652936
facebook	-0.07925052563288992
hahah	-0.07943551746004773
cucina	-0.08008256467323804
ahh	-0.08014426876039737
saluta	-0.08025451151437779
porti	-0.0802753803448153
sei	-0.08035207846837578
bellissimi	-0.08039148171683308
be	-0.08092644211953803
trovate	-0.08135085169021616
mostra	-0.08172373229355445
modo	-0.08204465028386976
pensieri	-0.08247756418821728
caratteri	-0.08284345494605372
dai	-0.08284668771398362
mercato	-0.08314577194156036
idee	-0.08367553407133044
top	-0.08378151491747554
risposta	-0.0838811422851804
porto	-0.08396106957133831
leggo	-0.08412210226786199
cerca	-0.08412920910109822
questione	-0.08431623129143373
club	-0.08442259735669178
prossimi	-0.08447930512040458
concordo	-0.08449020550332875
ahahahahahah	-0.0845073357147822
uh	-0.08487650976886285
dubbi	-0.08523924001067762
migliori	-0.08531689516410157
ale	-0.08542326900385444
gran	-0.08558078890883536
pensiero	-0.086037067227554
mandi	-0.08614049811902946
ahahahaha	-0.086322021935623
prova	-0.08653289592807789
do	-0.08670348658168281
stella	-0.08690786929570593
riesci	-0.08707764763776527
vai	-0.0872802665544199
bei	-0.0873271705319757
bene	-0.08749572312940179
nak	-0.08757850183822591
qual	-0.08801715936157317
news	-0.08823473009676708
week	-0.0883100524089997
ama	-0.08831109291737627
chiunque	-0.08847209467295247
nuove	-0.08860088804308341
you	-0.08883989751222765
farò	-0.08903376649001138
onda	-0.08907616698293341
aah	-0.08926033189479965
nazionale	-0.08958943011821463
assolutamente	-0.08991479810238756
voy	-0.08997463667829597
genio	-0.09008169857293613
continua	-0.09046896961598871
presidente	-0.09092977346320652
ovvio	-0.09098328857121019
volete	-0.09104060162274918
nostra	-0.0910529686057876
segue	-0.09121619177794982
vedi	-0.09129833886017757
test	-0.09180377683904373
magari	-0.0918757160654422
nome	-0.09241437281057174
nono	-0.09259655309929116
chiama	-0.09280187193662393
vince	-0.09280220896572056
ridere	-0.09311490193122052
preferiti	-0.0932720959081067
libero	-0.09332731060220179
diversi	-0.09344685935088615
salute	-0.09390756842444747
ps	-0.09392759262021289
tifosi	-0.09474832776543196
piaciuto	-0.09475785023265493
piccole	-0.09486471047624756
perfettamente	-0.09493858978165481
va	-0.09501405943807595
liceo	-0.0952486627094905
passate	-0.09571952011827467
riguarda	-0.09579044143017412
aspetto	-0.09600355465590626
ehm	-0.09617901471312773
votato	-0.09678044717164036
menomale	-0.09690595809698765
bieber	-0.09706348263101483
credi	-0.09711989333637061
trovata	-0.09714452416870245
metto	-0.09755406133271949
cuore	-0.09769910763599532
presente	-0.09790502687529745
parole	-0.09795826757844261
guardo	-0.09803367912645178
ti	-0.0980692426662213
giulia	-0.0984924789198125
base	-0.09855217794783844
ada	-0.09881468112234826
stelle	-0.09915189323345608
addirittura	-0.09928962738428315
piazza	-0.09933671390551146
spazio	-0.09947799623288334
fans	-0.0997308151795141
canta	-0.09989321085942215
night	-0.10014170564178915
amare	-0.10053720876910355
spiega	-0.10117861799511507
piero	-0.10149757571133589
viva	-0.10154783724616478
forti	-0.10155645685551029
molte	-0.10168847472094666
profumo	-0.101924477563056
classico	-0.1024228640316085
sapere	-0.10245286731044834
davvero	-0.10296416598388147
tante	-0.10304170033589544
suo	-0.10319584972445661
ritardo	-0.10337615429422742
prezzo	-0.10351656922075425
ve	-0.10360574019595226
super	-0.10366297353520582
perciò	-0.1037175626186485
oned	-0.10383118429755644
occhio	-0.10420271999016728
regalato	-0.10426257317779353
regalo	-0.10435467090458017
parola	-0.10454508666814444
conosciuto	-0.10505733397973993
on	-0.10521769155090765
differenza	-0.10526872378728735
significa	-0.10531717250590866
dita	-0.1056741212795006
occasione	-0.10572809616890677
selena	-0.10589666421157173
fede	-0.10613485773135045
coraggio	-0.1062136593912354
sicuro	-0.10623235214748417
pubblico	-0.10626724361211737
sicura	-0.10668379292135954
tu	-0.10675672997583252
disponibile	-0.10687500812176143
big	-0.10692250094011635
ascoltare	-0.1074465891177917
gusto	-0.10801233655807752
provare	-0.10838197416383644
esserlo	-0.1085770264018292
avanti	-0.10863859935034947
stessi	-0.10870822126065705
teatro	-0.10883040728244542
ahahahahaha	-0.10884761408204968
vi	-0.109180439062597
elena	-0.10931402204488705
storie	-0.109983243793495
cazzi	-0.1101130853557798
primavera	-0.11018078169674717
pomeriggio	-0.11023008552163394
tengo	-0.11061355295998865
su	-0.11072946209490275
parli	-0.11074359431745018
stai	-0.11160775899607422
discorso	-0.111801405022244
scientifico	-0.11182532188850747
follia	-0.11194672131603123
comune	-0.11258094754794812
chiedere	-0.11283501123794981
riguardo	-0.11285538491976932
venerdi	-0.11295180933381821
studi	-0.11330478578474512
scritta	-0.11331897681396574
mettere	-0.1135935868322383
uomini	-0.11365648797632977
segno	-0.11386920368285192
domanda	-0.11394086153306304
propria	-0.11405660042358146
girare	-0.11418938802787337
amico	-0.11435650945898068
cura	-0.11445742962518723
hahahaha	-0.11456479057969471
mmm	-0.11464203300381903
radio	-0.1153517559693037
qualche	-0.11549649596498979
voce	-0.11560547570852742
sito	-0.11592254727325402
amica	-0.11620574606131318
passa	-0.11620637333091843
soprattutto	-0.11621851226754754
speriamo	-0.11624471335148867
passi	-0.11639858168625772
tw	-0.11652115242960004
fallo	-0.11668549550234997
it	-0.11718544390210706
ufficiale	-0.11727468790653661
siccome	-0.11733150512966528
sì	-0.1173350602648211
scrivere	-0.11764031015876819
squadra	-0.1179045973274988
umore	-0.11815946401789212
viola	-0.11870971221417015
massimo	-0.11874145368517086
moda	-0.11907175724786778
facile	-0.11912922253287739
weekend	-0.11964610291890265
usato	-0.11978939585448045
proposito	-0.11983621013871693
abbastanza	-0.12013854734675111
scusa	-0.12015691336026879
web	-0.12047646015936375
amici	-0.1208844277777229
oltre	-0.120945734573906
rende	-0.12107738044401029
valentino	-0.1210803747832434
veri	-0.12135330657176091
collega	-0.12142646632613918
quale	-0.12145749888734525
giovane	-0.12154998473557954
certa	-0.12201159087858904
vabbe	-0.12227405602155117
primo	-0.12265321392308492
famiglia	-0.1226659528015297
day	-0.12271955108441679
vorresti	-0.1234742702291367
toscana	-0.1236401384907756
cultura	-0.12374750219780084
duro	-0.12379819772914036
rosa	-0.12386791478873627
fate	-0.12388903251789585
preferito	-0.1239910244664798
uso	-0.12421658939648306
migliore	-0.12431644186978308
fb	-0.12451227553683275
doppio	-0.12480470234726537
anima	-0.1248110721734702
please	-0.12484423700454539
goal	-0.12538609380672028
hahahah	-0.12541211420030263
primi	-0.12554001562618866
sole	-0.1255720254235233
leggere	-0.1257489003062202
sara	-0.12611721467625314
inizio	-0.12634840585869844
per	-0.1263843347453366
mica	-0.12659041259984494
demi	-0.12664892419691975
google	-0.12709828934033296
moltissimo	-0.12734783801684701
carini	-0.12736528227033095
tutti	-0.12743923445537497
frega	-0.12746948303868433
dm	-0.12763714743300625
capito	-0.12765753824946435
provo	-0.12767274421017039
ricevere	-0.12771258047639
aiuti	-0.12802120769541658
profili	-0.12823679133558985
seguono	-0.1285027427546831
campionato	-0.12853615822774667
punti	-0.1287609416642932
direction	-0.12879175117312758
salto	-0.1290740980734938
prossimo	-0.12938192662705095
soluzione	-0.12964358745354654
band	-0.1296993481785238
trend	-0.1298944868819628
genere	-0.12995909242452242
promesso	-0.13015666383933688
compleanno	-0.1302081288946294
viaggio	-0.1302749480946226
pò	-0.13040403294625313
convinto	-0.13048656507440737
vado	-0.1306372261374361
impegno	-0.13068710781164272
diretta	-0.13085591742243186
compagnia	-0.13112523185508485
ahhh	-0.13133039713405192
chi	-0.13158022763818322
conosco	-0.13175303016365703
fatti	-0.13186035458433043
preciso	-0.13201520719471216
andiamo	-0.13215050000330764
dico	-0.132518600517748
assieme	-0.13257922338515316
canzoni	-0.13269122777297904
ragazzi	-0.1329052259556185
sopratutto	-0.13301377954081428
domande	-0.13304898634534423
suona	-0.1330515580217676
giovani	-0.13317408771866546
messaggio	-0.13339216009853838
uhm	-0.13365124741986323
and	-0.13368549358112713
sport	-0.13381104208084715
idea	-0.13382683831899278
tweet	-0.1338481602747662
mail	-0.13400250699583305
imparare	-0.1341030018610022
ricordato	-0.1342219648546591
san	-0.13435882080891048
venerdì	-0.13445328651325894
secondo	-0.13452322257257732
fatte	-0.13454667544159415
derby	-0.13469008444049624
piano	-0.13476327872743077
programma	-0.13481646198392416
prendo	-0.13492649534392775
mmh	-0.135322607525852
nostre	-0.1356870438740102
darmi	-0.13587440556813113
tenera	-0.13590267340028128
renzi	-0.1360174575562918
coppia	-0.13604534980931027
pls	-0.13617597767151446
new	-0.13640335279349436
usa	-0.136566559475093
possiamo	-0.13671957378419286
averla	-0.13680513578570563
papa	-0.13694222872545891
del	-0.13721121375558676
grillo	-0.13732451078059282
festival	-0.13747154839058207
dovrebbero	-0.13753265904261147
segreto	-0.1376989617738107
one	-0.13782337509198717
averlo	-0.1382486713114116
ascoltato	-0.13831764729656015
oi	-0.13834692917752578
gol	-0.13841224206022407
campo	-0.138454786042561
parti	-0.1386754457001842
verità	-0.13871526347698515
se	-0.13873630441312423
scegliere	-0.13898124348727536
farne	-0.13900688472354372
rompere	-0.13904007172133848
vuol	-0.13912425114184257
aiutare	-0.13926857836701867
dovrebbe	-0.13927590254123523
siete	-0.13942834295728324
basta	-0.13960023536540378
festeggiare	-0.14050450733820818
tratta	-0.14065386655748324
attesa	-0.14095471764343404
appena	-0.14096782372596695
emma	-0.14107743331286815
darti	-0.14114140084063798
aver	-0.14115899908537943
nata	-0.14147664042257457
ordine	-0.14151066285261993
spero	-0.14161532113075703
piuttosto	-0.1416690094500226
lato	-0.14175696648122516
hai	-0.1418050949399735
leggendo	-0.14185029081778566
vada	-0.14223040966415945
attimo	-0.14246409247791936
libro	-0.14274071214076167
dati	-0.142773829883578
sempre	-0.1429042308301609
ricerca	-0.14308465840481133
scrivo	-0.1432917912127456
glielo	-0.14407277651591632
zona	-0.14442576532507645
blu	-0.14457628194674987
idolo	-0.1446455940274085
nonostante	-0.14474701395438283
notato	-0.14477183347406708
larry	-0.14502917554269712
commenti	-0.1452943556059575
nel	-0.14533943729221788
vorrebbe	-0.14536721915427986
decidere	-0.1454985802892711
devi	-0.14565535166496557
little	-0.14571127120911043
carriera	-0.14588063410194807
servono	-0.14597394122267593
veloce	-0.1459890063013105
sanremo	-0.14616748018844183
twitter	-0.1462185963942343
esser	-0.1462595851963221
dicevo	-0.1463902829190763
conosce	-0.14661963941591305
età	-0.14663500469303847
intenzione	-0.14701981735729908
nuovo	-0.14713518930629121
normale	-0.14715539989606485
dire	-0.1472587196311923
importanti	-0.14737420364978548
meno	-0.14759789445205096
pane	-0.14762878508260546
contrario	-0.1476537523831093
venite	-0.1478379710650628
mondo	-0.14791718289551603
vinto	-0.1479750084935999
entra	-0.1482904589556009
coppa	-0.14843277323901427
partecipare	-0.14874857135151376
aiuta	-0.14891920758246235
sapete	-0.14894364374207636
scherzi	-0.14902355502200815
aaah	-0.14929211437091028
scoprire	-0.1493994179306467
voti	-0.14942607294628962
alto	-0.14947142790558
arrivi	-0.14947330044820983
parliamo	-0.14982241024104337
calcio	-0.14987328557341995
insieme	-0.15014099108341328
crescere	-0.150179952644256
gioca	-0.1502612480790294
album	-0.1503870556547724
time	-0.15038816632134455
volontà	-0.1504594841770699
ciò	-0.15055530678118256
verde	-0.1507601513234319
pd	-0.15109418310830025
amo	-0.15131892111414147
guida	-0.1514196138786632
pensate	-0.15148943854256025
ricordi	-0.1515540263565941
pace	-0.1515956753341089
dovremmo	-0.15174899820245014
spiegare	-0.15177937509808925
diverso	-0.15216225484484314
oh	-0.1522610402579293
anke	-0.1522631454619947
lunga	-0.1527279651417418
rompo	-0.15277484567825317
conferma	-0.15320259274525017
limite	-0.15347990454507865
hahahahah	-0.15399164505642748
farti	-0.15415046330859772
vari	-0.1541732816853716
puglia	-0.15433823481701225
sim	-0.15435697033318652
fatto	-0.1544247314444822
incontro	-0.15474362728916125
ragione	-0.1547753514700193
questo	-0.15487395265106219
ricorda	-0.15491651915368798
ai	-0.1553389547996672
moglie	-0.1554431961880126
sui	-0.15549716606411612
amato	-0.15564197271869362
hahahahaha	-0.15570641328401114
napoli	-0.1558033534702853
popolo	-0.15581960952273355
nella	-0.15682143771831947
mente	-0.15705199625614819
avresti	-0.15708590117309496
cambio	-0.1574991521385467
agli	-0.1576204331888631
gioco	-0.15782998741650234
impazzire	-0.15793445401281048
nei	-0.15819950430225393
scrivendo	-0.15825543297196643
esattamente	-0.1582915470093733
tweets	-0.15841456925442343
laurea	-0.15842227758143135
lavori	-0.15852404406497933
rete	-0.1585345851683404
pratica	-0.158849807876693
paio	-0.15900102043785191
altri	-0.15903976880026338
lungo	-0.15930421643689185
diventa	-0.15934828752047447
ecco	-0.15938534712307217
vera	-0.15988893445765617
fase	-0.16003112985068912
uno	-0.16004795249470105
conversazione	-0.16032407205621957
forte	-0.16037761916461835
video	-0.16057836571293815
dello	-0.1605859214181471
mtv	-0.16064440997407137
aprile	-0.16086108496294393
verso	-0.16114754483451244
baby	-0.16123701929542889
personaggio	-0.1612437582320818
un	-0.1612747141122649
rosso	-0.16135681137220548
sulla	-0.16148051308632116
sarà	-0.16157259707300708
rossa	-0.16160643136348996
gara	-0.16171371349895247
of	-0.16184696141444266
compro	-0.1622247448069395
repubblica	-0.162445474646435
dici	-0.16245203417862397
molti	-0.16245653647865843
parte	-0.16249701580655762
cazzate	-0.16255288027748738
mangia	-0.1625791057794852
sia	-0.1628093182281236
ogni	-0.16281966865594655
spesso	-0.16287550456854827
simile	-0.16292308500812958
catania	-0.16308787651194767
lavorando	-0.16320823346243174
corso	-0.16334969836298263
sopra	-0.16339539036446282
specie	-0.16350032867834596
tutto	-0.16429233106385754
po	-0.16430560473775446
online	-0.16431424062999722
uguale	-0.16439747123026394
alcuni	-0.16454143295038703
bar	-0.1645736011804717
sulle	-0.16471437181867266
deciso	-0.16492479082355738
guarda	-0.1650076896874454
può	-0.16504759957764137
cambia	-0.1651030203408942
canto	-0.16517309776733846
ohw	-0.16601311858578238
mattino	-0.16645235992941732
sul	-0.1664857162224056
averti	-0.16665712903865393
vieni	-0.16673852953629498
quello	-0.16675249489164745
forse	-0.16682429499475815
pezzo	-0.16704472897439293
crema	-0.16713723202286435
scritto	-0.1673177448147236
capitano	-0.16744227197551798
pari	-0.16769590376448873
frasi	-0.167817941225884
cc	-0.16783778591574716
altre	-0.16787562565077208
abitudine	-0.16790016603125169
cerco	-0.16797183129015514
battuta	-0.1681858907909406
il	-0.1682946502769106
svegli	-0.1688123099724551
scrive	-0.16883497331130648
is	-0.16906708124359426
ja	-0.16921212047975376
sue	-0.16923613555748773
up	-0.1692611138844795
evitare	-0.16965163648718473
potrei	-0.16970287847365517
miley	-0.16971420370538381
sensi	-0.17011933523964018
mondiale	-0.1701489754965555
avrà	-0.17033261426979918
suoi	-0.1708528587415632
capita	-0.17098991923296392
insulti	-0.17106053442675206
piccoli	-0.17112121599281127
ragazze	-0.17138595767262021
italiano	-0.17145059549685404
lo	-0.1715022683927705
stop	-0.17161927638145447
arte	-0.17162690078388465
iniziamo	-0.17164612907931254
italiane	-0.17180165951851534
media	-0.17185726840062232
possa	-0.1721883530551901
vive	-0.1725566541456245
prove	-0.17269916974853272
go	-0.17276645067918395
lì	-0.17290541621065714
live	-0.17300121907555654
stiamo	-0.1731985303046597
servizio	-0.1732005020766093
certi	-0.17324652198349133
nota	-0.17328684193359045
giusto	-0.1734323836308126
quelli	-0.17350377241877268
lei	-0.17354016880133571
vicino	-0.17369693230804106
sii	-0.17377615090585707
regali	-0.17379642753430835
livello	-0.1738363921269478
tt	-0.1738424452002275
noi	-0.17388357695137724
punto	-0.17419694916707096
bueno	-0.17425987772829687
insomma	-0.17439623274105975
ragazza	-0.17445227645973116
varie	-0.17446509382604625
persona	-0.1745738776661021
justin	-0.17460600482042676
prime	-0.17465763086033648
alex	-0.17477828616522095
destra	-0.17481288221904567
siamo	-0.17486776338301857
alcune	-0.17526364418376517
bere	-0.17549213843629363
aperto	-0.17578591706368618
de	-0.17581344251418984
sarebbe	-0.17597784147821272
uguali	-0.17598989835773804
entro	-0.17601991261481054
palermo	-0.17615008587651748
vengo	-0.17634453132534955
farà	-0.17728525179705834
dagli	-0.17760736985083858
tesi	-0.17763001547848145
questa	-0.17773408623741827
maglietta	-0.17774918243293858
avete	-0.17778966962543208
risultati	-0.1778865600240377
parlato	-0.1784029345337158
corsa	-0.1787614924531976
tira	-0.17881161498010933
risultato	-0.17884494607798418
immagino	-0.17886816303306685
genova	-0.17898195411293927
intorno	-0.17912692830425658
parlo	-0.17914225284763874
delle	-0.17914712054410742
coglioni	-0.17918207106243278
colazione	-0.17967075196440552
dallo	-0.1798054454993412
anche	-0.17993114937449506
morale	-0.18007390009117896
teoria	-0.18014274124166596
quante	-0.18023488940090193
quindi	-0.18032224315557177
giochi	-0.18042472987444824
firenze	-0.18043726600076881
fortunata	-0.18056955767330207
min	-0.18084122775289224
sinceramente	-0.18086065510735982
bianco	-0.18122262291177837
diventare	-0.18134959017700092
diceva	-0.1816803441340521
film	-0.18170895745472448
foto	-0.1817346232053556
là	-0.18194109198496666
politica	-0.1822003852487072
aggiornato	-0.1822212304771409
resta	-0.18258340104463422
sabato	-0.18273453298974107
casi	-0.18277272171583425
comincia	-0.18292638790806426
visita	-0.18294976523280593
rispondo	-0.18328676400781974
chiamano	-0.18331945085909784
verrà	-0.1836204963046112
mandare	-0.18363882003994647
pensato	-0.18371995556322018
pasta	-0.18380580600088836
febbraio	-0.18392689758403713
the	-0.18427554771107113
amano	-0.18455649000828223
effetto	-0.18473331305132468
versione	-0.1847367038606298
dei	-0.18480693146109006
centro	-0.18486451909970814
dirti	-0.18493109864854207
scherzo	-0.1852984370332289
palco	-0.18538773490377525
della	-0.18546379482407227
essendo	-0.18551775493826206
sbaglio	-0.18562171630349167
siiii	-0.18567858666114667
uu	-0.18580204136247547
torta	-0.18587166615762818
guardando	-0.18593605303574512
spiaggia	-0.18596797202818105
nomi	-0.18598317537032583
tema	-0.18601564592804076
molta	-0.18613284377586148
sinistra	-0.18631259648479204
prima	-0.18643144512632626
dove	-0.18643149177946705
dopo	-0.18647686500005156
maggio	-0.18653021485263988
tutte	-0.1865485882991228
sera	-0.1865541386124029
aria	-0.18668630988718138
credimi	-0.1868119106416568
pro	-0.1868475466705073
giornate	-0.18698690386852945
ecc	-0.18719570821739406
dalle	-0.18725119694824988
sperando	-0.1875414287158843
almeno	-0.18761067978729873
paga	-0.18772419979728105
pieno	-0.18777038316609385
nelle	-0.18782090799280915
esatto	-0.18786882611251277
esistono	-0.18806331442159785
bari	-0.188095266534963
inizi	-0.18810436519992857
legge	-0.18832164966721998
amicizia	-0.18839868381179692
finché	-0.18844086821728978
circa	-0.18850305530765965
cielo	-0.18874866307722005
al	-0.188792956726488
rispondere	-0.1892277451769705
barca	-0.18925222776610773
appunto	-0.18950709136562616
sappiamo	-0.189648202007355
milioni	-0.1897088635892985
tl	-0.1897382054025195
terzo	-0.18996588757571786
incredibile	-0.19009024677827502
arrivo	-0.19015077531802782
marzo	-0.19029895524530793
faccio	-0.19039286281614376
minimo	-0.19039362041698726
porta	-0.19073403430745584
vista	-0.19093164387573025
speranza	-0.19100069267191488
figlia	-0.19103694411369676
con	-0.191076802726438
serie	-0.19139805404395072
come	-0.19145807936176729
sesso	-0.19150112943955633
fra	-0.1916618553980569
mano	-0.1919095508744434
parla	-0.1919976078008192
volo	-0.19210864917794368
vero	-0.19212516430870152
senso	-0.19245518397705808
festa	-0.19247525377567676
dà	-0.1924821104785467
mh	-0.1927511953166784
ami	-0.1929137432128193
para	-0.19316199838709736
una	-0.19355206959004045
dite	-0.19356704453637574
farsi	-0.19375273883975141
cercare	-0.19387097343259807
giocato	-0.193993007206419
possibilità	-0.19415665860127784
stati	-0.19427523833321325
pubblicità	-0.19427575662728058
farci	-0.19434925836154782
alla	-0.19438884693913827
taylor	-0.19455517102205067
partenza	-0.19472042547529167
reale	-0.19485292155738376
lettera	-0.19488865799507293
nello	-0.19545179011756786
pur	-0.19576591888271788
infatti	-0.19578865965855563
parlando	-0.19584501907782137
tra	-0.19587958994990384
lingua	-0.19604775241986383
sua	-0.19606019088968907
dammi	-0.19620970957310013
android	-0.19629620723034358
fatta	-0.19636440370113528
figo	-0.1963644846063145
fin	-0.1964898430884785
rai	-0.19680098145724756
città	-0.19683332779990448
sarebbero	-0.1968470725615884
di	-0.19696689367247644
andrò	-0.1971020277229708
figli	-0.19727107017509837
strada	-0.19749968116348038
veramente	-0.19792122628247177
sistema	-0.19801598846721324
numeri	-0.19806634037959703
piacerebbe	-0.1981091954205385
hotel	-0.19842820401162997
qualcosa	-0.1984989474602663
col	-0.19859088245680634
store	-0.19874605024063607
vorrà	-0.1991454371486443
credo	-0.19918428654131248
cominciato	-0.19920908924048886
coi	-0.19939338221707015
persone	-0.19952647271795299
dia	-0.19953038295012815
calabria	-0.1995458300351326
penso	-0.19960467556542183
tempi	-0.19961552950702666
vivere	-0.19963134828131235
pesce	-0.19963449211664197
settimana	-0.19997138026572547
libri	-0.20022737544849445
perrie	-0.20026263406946554
parlare	-0.2003531607940291
apple	-0.2004616870547502
pensarci	-0.20053564729828655
potere	-0.20059445202200143
altro	-0.2005965023983478
pazza	-0.2011108326016997
cambi	-0.2013119485452577
parigi	-0.2013735898272624
ammetto	-0.20174638154954194
potrebbero	-0.201820383056314
stasera	-0.20184581490989761
si	-0.20206261600961584
qui	-0.20207520668542345
allo	-0.20222220942787916
continuare	-0.20235142573763387
turno	-0.20245130540877687
abbia	-0.20266427019692457
ne	-0.20268050945854954
degli	-0.20272298949641954
email	-0.2027580368790124
notare	-0.20295331111462156
dato	-0.20301402929355095
saper	-0.2031149518153439
saranno	-0.20334999540595178
far	-0.2034569882719207
parecchio	-0.2036152552992082
maglia	-0.20413214737839291
salire	-0.20421180928533123
to	-0.20425170184219876
bisogno	-0.2042895775315542
ora	-0.2044706870286771
motivi	-0.2045123901862138
solito	-0.20452724851626802
motivo	-0.2046098818288431
rovescia	-0.2047159270759299
tiene	-0.20473205657073867
mega	-0.20478843083502551
ele	-0.20486603592813135
ya	-0.20488961288600382
capo	-0.20501318272884317
berlusconi	-0.2050527841225015
dolci	-0.20508304029358504
sicilia	-0.20552146092421497
correre	-0.20586045885965998
martedì	-0.20596657672253693
allenamento	-0.20597470544001528
ci	-0.2059829021822579
vedo	-0.20598526660785133
cantare	-0.20612013486831293
pagato	-0.20618135295549367
tatuaggio	-0.2062855867940604
seria	-0.20648779939613537
arrivare	-0.20674339901558736
date	-0.2069797416296788
faccia	-0.20719137546847122
stato	-0.20734381928115242
dentro	-0.2073873215107549
in	-0.20742840082161218
all	-0.20752592838505912
lavoro	-0.20755074393109751
lasci	-0.20820324621030062
vestito	-0.20826588041804417
scarpe	-0.20853728106842928
bianca	-0.20857543032419668
state	-0.20863969944722272
giro	-0.2087670059085739
cominciare	-0.20878982383491995
latte	-0.20884821367788753
altrimenti	-0.20889300621208473
vicini	-0.2089029383965576
anno	-0.20925206079644476
sai	-0.20937579132570394
costa	-0.20956533807760747
marito	-0.20991768891813578
monti	-0.2099783607280169
stesse	-0.21009567070991153
tornato	-0.21011017071761318
divano	-0.21043408781692163
momenti	-0.2105123794984296
potrà	-0.21070558948932727
cervello	-0.21084505385693764
programmi	-0.21096706411185684
europa	-0.2110364279560062
occhi	-0.21109721515507807
la	-0.21127839022832673
ed	-0.21129629736186273
finisco	-0.21132879149732686
trova	-0.21132898271558853
conoscevo	-0.21137852958089154
settembre	-0.21150262327109315
my	-0.21158105384073977
così	-0.2115897874358481
maggior	-0.21159921291590822
torino	-0.2116630069000921
fuoco	-0.21174409935597538
mah	-0.21190371067003844
avesse	-0.21199147473332813
home	-0.21204437038633428
crede	-0.21216275068271961
basso	-0.21236212273074884
ritorno	-0.21248285773202436
matrimonio	-0.2128666534395004
idoli	-0.21289474985056211
intero	-0.21294478233605552
dalla	-0.21307076842539407
poi	-0.21325190160884977
le	-0.2133082616991545
verona	-0.21355440104755108
carta	-0.21365599879422414
errori	-0.21375462607870455
animali	-0.21384874552148903
innamorata	-0.21387777739706715
fronte	-0.21392352593427755
dicembre	-0.21394827880169542
farle	-0.2141045355421265
cinema	-0.21416789584508755
iniziato	-0.2142837821864818
accanto	-0.21444381995031048
farlo	-0.2148164899811703
senti	-0.21502651606516998
trovato	-0.21506857350589947
botta	-0.21518660245885313
vivo	-0.21521662085469073
aiuto	-0.2153331312690937
enorme	-0.21535805000008734
stadio	-0.21541419688410024
possono	-0.21545918790556784
peso	-0.21551956138112904
continuo	-0.21568590216962635
saga	-0.21568854884620303
spagna	-0.21575147874232659
due	-0.21596021820190836
realtà	-0.21603855968591623
quarto	-0.21615266659587262
giorno	-0.21616685787898304
seconda	-0.21635895214657985
pochino	-0.2164185586220978
esiste	-0.21643576878026538
serio	-0.2165504782058264
gli	-0.21657254427276174
fà	-0.21662809717657072
mercoledì	-0.21680370799529636
tutta	-0.21690795399999518
dietro	-0.21702551726502517
materia	-0.2172565954508291
visto	-0.21739294071578652
grado	-0.217408741136493
el	-0.21758458733776775
momento	-0.21762084244654878
siano	-0.2178387770236171
farcela	-0.21803938960358793
pelle	-0.21808591667509492
lunedì	-0.21809956059555635
personaggi	-0.2181005748954703
durante	-0.21817861839273356
negozio	-0.218209639121818
dal	-0.21838287570299164
questi	-0.21842994037088836
tanta	-0.2185201552977476
soli	-0.21870256594248028
gennaio	-0.2188821260913314
detto	-0.2189559613052552
ad	-0.2189683307659993
partita	-0.21898978189077045
stessa	-0.2194368190900401
venezia	-0.21955991927394147
taglio	-0.21965970135959245
dovete	-0.22023681098647163
adesso	-0.22038967884250804
società	-0.22060268914899517
anni	-0.22067614723508822
parenti	-0.22096689378855938
santo	-0.22141300268871067
memoria	-0.22161230030880197
lezioni	-0.22168595003043978
sala	-0.2217320456066908
giovedì	-0.22175572766934215
avranno	-0.2217742311365687
cose	-0.22181831594439505
volte	-0.22186189759906516
feltrinelli	-0.2220705781088348
scusami	-0.2220943390270118
orario	-0.22228975702631593
negli	-0.22234684089772927
quelle	-0.22269413599036625
culo	-0.22272728548855536
passare	-0.222730216820356
notizie	-0.22273608740689665
loro	-0.22284105997786408
compagno	-0.22295470977871323
corpo	-0.2229709423156807
fu	-0.22299305226661115
immagini	-0.22309295693499442
partite	-0.2230987907400659
pensa	-0.22353595686889083
già	-0.22354678901441094
qualcuno	-0.223608923343123
strana	-0.22362609442612968
doccia	-0.22374897091701218
bologna	-0.22376468287400875
arrivati	-0.22380618140841146
italiani	-0.22392535658459234
inviato	-0.22406188504989932
tv	-0.2240652618400517
sanno	-0.2243924980996288
cosi	-0.22456215792809642
sardegna	-0.2247184712624003
possibile	-0.22492629100013062
li	-0.22505668852283944
bici	-0.22513184690726418
chiesto	-0.2252161222779887
uomo	-0.22528741710699152
moto	-0.22553781842257525
dice	-0.22562140805719022
novembre	-0.22566561885462133
usare	-0.22568668769943712
preparare	-0.2257178556571947
rientro	-0.22579684552061874
cioccolato	-0.22610325383477325
messo	-0.2262148534158448
da	-0.22624921186621727
nero	-0.2263424355543011
vita	-0.22636036826384054
arriva	-0.22690213990614327
sapevo	-0.22704212987117245
spalle	-0.22727464267479602
cuori	-0.2274894321482991
esco	-0.22754052121240598
queste	-0.2278602418962694
abbiamo	-0.2281509817767351
papà	-0.2282965368631703
sotto	-0.22843187641529894
riesce	-0.2284756700164794
capire	-0.2285642937859521
son	-0.22868908252973308
scarico	-0.2287267451564271
aprire	-0.22875291360063088
fossero	-0.22922516992244024
roma	-0.22924885839819342
gatti	-0.22942032436005766
cd	-0.22948040688383198
università	-0.22961545940100414
gira	-0.2296453402887485
lavora	-0.2300124717260814
conti	-0.23018537242866277
cibo	-0.23084825868464431
potter	-0.23098972658004568
mezzo	-0.23105229080253387
pronta	-0.23140167318247928
letto	-0.2314595275209359
intera	-0.23148868393265842
finale	-0.23150713085186692
passato	-0.2322202989604819
strano	-0.23233640099458386
pausa	-0.23251444041184977
avevi	-0.23252509764414753
germania	-0.2327555629637451
cn	-0.232961807417418
terra	-0.23322616547477792
convinta	-0.23337110203209455
essere	-0.2334464137087865
probabilmente	-0.23409497008626
realizzare	-0.23461450109050785
vedrò	-0.2347927742223762
siii	-0.23501161545487959
sale	-0.23514411466928853
ovunque	-0.2351891025817091
xfactor	-0.2352382422393806
shopping	-0.23525299274858902
stia	-0.23540599629634573
presi	-0.2354913551493547
manda	-0.2355335935165458
bimba	-0.2355397082178574
sembra	-0.23578707560084333
mezzanotte	-0.23580115525505474
finta	-0.23593597973342217
amiche	-0.236010939944581
zio	-0.23612180903393776
lunedi	-0.23627129088776566
tenere	-0.236372335833696
fisico	-0.23658895669198743
piccola	-0.23698648099143194
che	-0.23714194841592795
en	-0.23714970425345006
autografo	-0.23742270461269044
filosofia	-0.23749576272471062
apre	-0.23751101882125158
occhiali	-0.23773269233642436
quasi	-0.23777705759641043
torno	-0.2378390300921095
cui	-0.23796677692756496
spesa	-0.23827401638946555
sms	-0.23845466936539828
ballare	-0.23853788694474232
certe	-0.23860523607563033
poco	-0.23863109294064422
risposto	-0.23868824056708926
lezione	-0.23871780566934742
quella	-0.23876866160166932
modi	-0.23876895770188367
estero	-0.2387983827287553
mia	-0.23882002001825864
luglio	-0.2388222773175921
esce	-0.23910780646185215
pochi	-0.23930980056799245
sembrava	-0.23944852922448212
inghilterra	-0.23956344006088426
indiretto	-0.23958642113222062
bah	-0.23963001937206097
fossi	-0.23993293013703376
soltanto	-0.2399581200439086
altra	-0.23998456500529786
ricordare	-0.2402089892126854
partito	-0.24030485195497087
comprato	-0.24041263299588989
contro	-0.24069086792505112
faranno	-0.24075913824605788
sveglio	-0.24077364939523838
disegno	-0.24086380520390527
agosto	-0.2410046604224514
dando	-0.2410413234722446
ricevuto	-0.24121023727222146
eh	-0.24141288142054906
unico	-0.24151678847707425
volta	-0.24156835888903627
dirlo	-0.24219354472103616
francia	-0.24223942200114668
dimenticare	-0.24256112438245647
piena	-0.2426012222972237
davanti	-0.2429818158844479
terza	-0.24318597054673052
iniziare	-0.24319043158007592
quando	-0.24321596873231177
puo	-0.24334787213293096
co	-0.2434100362545173
mare	-0.24363538055599832
mie	-0.2436481501944059
vedendo	-0.24367522496142646
eri	-0.2438591897058089
quel	-0.2439290228821287
andate	-0.2440437938049672
cambiare	-0.24404707208436116
alle	-0.2440537238749929
battute	-0.2443820026040655
chiesa	-0.24445771089511603
chissà	-0.24461048388293838
cm	-0.2447664384292546
cosa	-0.24476680029809117
sarò	-0.24484712487566107
capisce	-0.24500618608077784
guardare	-0.245420080478995
palla	-0.2455569107532497
re	-0.24556692448452078
poche	-0.24561147995465804
aspetta	-0.24568838212473232
andata	-0.24615703355144947
sennò	-0.2461818373466974
bambini	-0.24627097634729278
borsa	-0.24635719031517667
avrebbe	-0.2465120449538447
otto	-0.24665276291220506
bimbi	-0.24669121228883395
sperare	-0.2467146880361244
bambina	-0.24683878097757084
tardi	-0.2469089581375259
sud	-0.24692765516429915
negozi	-0.24703088952588914
abito	-0.24732910292691024
dobbiamo	-0.24761742408250287
figa	-0.24781523121787818
diventata	-0.24791406762925272
studio	-0.24823890643045043
tre	-0.24831909494551907
trovare	-0.24833664698100888
rimane	-0.24835527550720438
ricordo	-0.24845583802146276
conto	-0.24871923429857257
gente	-0.24877449440693244
euro	-0.24885657122554738
montagna	-0.2488979360669975
mandato	-0.24910278333422609
preso	-0.24911354063289537
comincio	-0.24916200482126694
voleva	-0.24936851662963955
facendo	-0.24987017813131096
amore	-0.25012673457545576
stata	-0.2504450305114393
andato	-0.2506639514819411
out	-0.25088845855165476
fretta	-0.2509576143392245
vecchio	-0.25098785427019765
giugno	-0.25128959397722506
medie	-0.2513037826893346
pena	-0.2514220537727384
storia	-0.25163948800614766
riescono	-0.2518813300558842
mattina	-0.2520227726534189
dorme	-0.2524817732162715
quattro	-0.25291303427670975
guerra	-0.2529190566073234
torni	-0.2534661126646326
sono	-0.25348665461384023
dvd	-0.2539487997365655
fa	-0.25404283085771995
funziona	-0.25485259340973865
pure	-0.25517065515687753
deve	-0.2553323960208971
compagna	-0.25553631327430104
finestra	-0.2555737247656099
vuole	-0.2555827042342207
uscita	-0.25569526970350487
salutare	-0.25581419373603376
zia	-0.2559097204084507
chiede	-0.2559770520604826
mani	-0.25610063203366074
milano	-0.2567731055300112
passano	-0.2569694193019081
data	-0.2569826529188949
acqua	-0.257053446726481
proprio	-0.2571606899302451
più	-0.2572123879899204
screen	-0.2572743275608088
inglese	-0.2573195107573629
saperlo	-0.2573399360365368
danza	-0.2573935945207858
scaricato	-0.2575497158631993
dicendo	-0.2575949598405727
farla	-0.2576447399622135
fidanzata	-0.2576733343427172
fastidio	-0.25781454401058124
silenzio	-0.2584522954409283
portato	-0.25868532011318845
quanta	-0.2588767736280866
presa	-0.25929642746194626
vacanza	-0.2593591630169466
saprei	-0.26000465704985576
lascia	-0.2600355023284249
chiamare	-0.260086532908011
incontrare	-0.2602416811256969
qua	-0.26029603686048264
vede	-0.2603335502814875
stanchezza	-0.26036467362723426
portare	-0.2604365154424695
gia	-0.2605211893456798
sarei	-0.2605284478540719
tappa	-0.26053598817910273
mangiare	-0.2607836089153278
fine	-0.26087151756031013
linea	-0.26096283538665854
nord	-0.261152792473471
avere	-0.26136690117334405
party	-0.261530475898927
chiedono	-0.26157861482593914
star	-0.26165124176260357
pensano	-0.26173086502964493
mio	-0.26215309033286627
fila	-0.26236027444056187
perdono	-0.262378423208103
tanto	-0.2624153330551475
stazione	-0.2627478717724472
gelato	-0.26282986813049647
sorella	-0.2628445075681701
portano	-0.26317281447249474
roba	-0.26321749254838744
piccolo	-0.26333206273229914
notizia	-0.26334423744698665
ex	-0.26335803710242867
sociale	-0.26357122633169217
scaricare	-0.2636803656835288
cambiato	-0.2637918755173201
posta	-0.2638514081228942
diritto	-0.26387234036077445
figura	-0.2641191951616435
capodanno	-0.26438472102528754
lui	-0.2644026668375513
minuti	-0.26456628580473773
ipad	-0.2645860834554612
pare	-0.26485798670113925
nun	-0.26486901571472765
accorta	-0.2649039986612822
dieci	-0.2649334146492027
fatemi	-0.26506190833005205
stavolta	-0.2659001643958697
capisci	-0.2659633690146931
incontrato	-0.26603090936064955
diventato	-0.2660490350738437
cinque	-0.26608798468612105
nera	-0.26710164300738226
venga	-0.267172893392429
piedi	-0.26739790849999046
figlio	-0.2674221550160366
ottobre	-0.2674905796704823
sembrano	-0.2676192612155738
londra	-0.26789980237866073
spagnolo	-0.2681986636883178
infanzia	-0.26822861952958776
scrivono	-0.2683417416585835
guardato	-0.2685081720710556
parto	-0.26871169222927427
passata	-0.26912654245890344
cazzata	-0.26918076728400986
potevi	-0.2692576092169614
smettere	-0.27007985917741895
avendo	-0.27048534924617684
totale	-0.27074455037355116
barba	-0.27097094754292417
francese	-0.2711063485965902
carica	-0.271335801415465
quarta	-0.271546254643245
pagine	-0.27160402345569434
ponte	-0.27170144043634525
estate	-0.27174308936838953
vacanze	-0.27175177369399817
caldo	-0.2718869224642032
michael	-0.272147317273281
errore	-0.27251100916478554
oggi	-0.2727522279124587
inizia	-0.2732165533613239
pensavo	-0.27348331910593093
ask	-0.273737243814844
farei	-0.2737770437858733
solo	-0.27402097677870874
compagni	-0.27410498867803124
uscito	-0.2741957452235817
entrata	-0.2748042463972681
fermo	-0.27506451023232215
vicina	-0.2752667256600997
piscina	-0.27551198403607235
danno	-0.2755715554895909
metro	-0.27580146324769583
tipo	-0.2758717259884683
sveglia	-0.2759000845699614
crederci	-0.275932858850944
assenza	-0.27596331405554
sa	-0.27596539556771527
vestiti	-0.2760521129987854
arrivato	-0.276130104186889
sette	-0.2761798584130125
fatica	-0.2762755127864449
na	-0.27638727568599086
vedono	-0.27639809201594323
metà	-0.276495636734556
ragazzo	-0.2769391227622343
impegni	-0.27702340560897787
tour	-0.27711264417292425
sta	-0.27717039151229794
maturità	-0.2773763629393484
andranno	-0.2774041372217785
ultimi	-0.27744834480690905
chiudere	-0.2775635676539534
affatto	-0.2777421496402612
visti	-0.27783961811293567
era	-0.27832057154745204
miei	-0.2783371804363519
facciano	-0.2785471538492208
viste	-0.278549317067309
fosse	-0.2785627952641081
regina	-0.27877346029082384
ste	-0.2788389948117618
auto	-0.2790341885293295
analisi	-0.2790438130531603
prof	-0.2792868928997093
fuori	-0.279349248908739
ferie	-0.27946256253157986
avrebbero	-0.27956286173219136
ultime	-0.27969184857256035
verranno	-0.27978779293917655
ce	-0.2798907670014712
scena	-0.28009693597313345
nonna	-0.28057958441288866
vecchi	-0.28078449918162396
problemi	-0.2815792979747912
cani	-0.28165147009134606
fratello	-0.28174635213431576
entrare	-0.28187650386866436
senza	-0.28200579018180405
talmente	-0.28214211782735954
ultimo	-0.2823498113293337
via	-0.28246982790375763
invidia	-0.28273333088395736
devono	-0.28293780448122274
oddio	-0.2831994518708699
ha	-0.28330477256008746
giocare	-0.2839812312977288
denti	-0.2840876435898909
pa	-0.284108577397586
sente	-0.2841868041198815
niall	-0.2842558695649331
chat	-0.28432500445953424
pizza	-0.28450902219461005
palestra	-0.28453915774739047
scienze	-0.28456628925210525
sensazione	-0.2845769693891086
cugina	-0.2856386861115202
sentito	-0.28564344185700385
pesante	-0.2857739105176462
dormito	-0.28581359011886065
governo	-0.285815054032154
facevo	-0.2860806670906463
avevo	-0.2860933607487668
qst	-0.28661755550457213
cast	-0.286961202109843
stra	-0.28708936033980725
prenderlo	-0.2870915365589567
rischio	-0.287130549131837
indietro	-0.2872409055938949
sentire	-0.2873585503503895
single	-0.2874659501888648
no	-0.2875183433479389
girl	-0.28767193020066917
me	-0.28775343248020324
sky	-0.2878082946853261
vecchia	-0.28808225262455867
bagno	-0.28838835939050556
italia	-0.28846004699030015
messi	-0.28851716662998017
riuscito	-0.2885237106629085
pensando	-0.288567180985162
paese	-0.28903198026535637
ma	-0.2891794438049098
scoperto	-0.289808048211625
completamente	-0.28998436552706197
tedesco	-0.290025947308182
tempo	-0.2901459877761564
vento	-0.2903220508332709
chiedo	-0.2906348551191258
cugino	-0.29067730510224765
recuperare	-0.29109398383573415
scorso	-0.2912657214903406
fanno	-0.29138774099679765
gradi	-0.2914893250290591
cucciola	-0.2914940643381244
partire	-0.29182087989381245
torna	-0.29189715380931125
biglietto	-0.29250342872399404
colpo	-0.2925133842380503
sò	-0.2926473196379298
avrò	-0.2927564914682561
frutta	-0.29301710403965386
svegliarsi	-0.293254135708528
praticamente	-0.2932902165969117
omg	-0.2934077075732905
fino	-0.2935802180001994
scappare	-0.2936997407274149
cercando	-0.29381986286203743
tvb	-0.2938710947193074
cioccolata	-0.29394041513068636
camera	-0.29409499949707285
stanza	-0.2941213505118928
inverno	-0.2942080537007248
ieri	-0.29425845555128094
messa	-0.2945669320612836
pc	-0.29468217647844963
rivedere	-0.29486851099061473
macchina	-0.2952149279906886
pigiama	-0.29547426196041526
vanno	-0.29558415861445464
cwc	-0.2958091271496277
aereo	-0.2959847628380863
però	-0.29608009586789175
farli	-0.29616192118437934
parlano	-0.29643330596891304
secondi	-0.29653998314408325
ritrovo	-0.2965830081537161
bambino	-0.29661059891476993
prendere	-0.29679155826497894
brutti	-0.29680872316507934
bo	-0.29737322131704924
togliere	-0.2973902721759799
domani	-0.297508138605729
concerto	-0.29751549385095677
han	-0.297528275386724
minuto	-0.29768327512439796
fanculo	-0.297763966118856
biscotti	-0.2981130482240113
ipod	-0.2982382408898854
zayn	-0.2982640871475538
km	-0.2986095400850972
figure	-0.2988785223017484
lavorare	-0.2991537955802742
dicono	-0.299340307317722
streaming	-0.29950578845950915
andava	-0.29961028458662764
riuscire	-0.2996829799140037
avevamo	-0.29978018618105384
abbiano	-0.30021174019332797
scusate	-0.30023950122069176
nutella	-0.3004750677850325
alta	-0.30090212787628656
pagare	-0.30100539914764946
trovo	-0.30102294605509394
giù	-0.30138596536927453
poca	-0.30154002221296317
tornata	-0.30163425863752535
avessi	-0.3019411898916441
mangio	-0.3019809888555013
nessun	-0.30199504945643363
passati	-0.3020432122576544
gita	-0.3022681272787413
idem	-0.30238467090607934
andando	-0.3027196452917653
abituata	-0.30293941760327436
economia	-0.3030378804850943
dormo	-0.3037161496870865
vedevo	-0.30387895894585504
sogno	-0.3043189134805996
puntata	-0.30436394292622515
classe	-0.30450264747038835
idiota	-0.304668101352055
piu	-0.3049792275810924
arrivata	-0.3049833270422224
ho	-0.3051765100754915
fare	-0.3057475981825565
mi	-0.3063982408421495
grave	-0.3066922828241003
politici	-0.3067971702710057
telefilm	-0.3072529219341321
louis	-0.3073834159367963
invece	-0.3078219080823361
lasciare	-0.3081118088909921
scorsa	-0.30813095363407206
svegliato	-0.3081544034149659
venuti	-0.3083270991740007
perde	-0.30944196413562264
america	-0.3094709714100419
difficile	-0.30970315699381834
ferma	-0.309873119260235
mese	-0.30990962218706886
genitori	-0.30993812739469684
arrivano	-0.31007681974639667
capitato	-0.31009547140322846
whatsapp	-0.31016651747682067
sbagliato	-0.3103980648583039
stamattina	-0.3104181449952357
sacco	-0.31076834965088773
mentre	-0.31084018967366533
messaggi	-0.3108832125245893
capace	-0.311043567658959
boh	-0.31106076859648213
venuto	-0.31138506665604526
liam	-0.31144115560345165
coda	-0.3121490766494649
vogliono	-0.3124533181696697
avuto	-0.31266859570158134
nè	-0.31273553832719403
giorni	-0.31294166389598577
nulla	-0.3130033196185359
poteva	-0.31313144924585745
troppo	-0.3133291879136956
mai	-0.31335125663140095
vedere	-0.31336729771580984
inferno	-0.31352479788409837
stanno	-0.3137347338953842
andrei	-0.3137968543636511
mancava	-0.3140666229701401
mo	-0.3140839509985648
ormai	-0.31481468091191567
harry	-0.31484072421507103
sama	-0.31497418143648515
ore	-0.3152189826078966
aspettando	-0.31532004908011413
computer	-0.3156116047494063
scema	-0.31612348664607626
dura	-0.31614780198812154
casa	-0.31661538437432923
gay	-0.3168300949365753
mezza	-0.3168729382594002
stanco	-0.31703165932616895
capiscono	-0.31710145710394566
mette	-0.31719587327237575
dormire	-0.3175181316758511
vederti	-0.31762112661939845
dio	-0.317805526231857
studiato	-0.3179769299429901
mesi	-0.3182422685852073
mettono	-0.3182833042455573
iphone	-0.31836681287593716
situazione	-0.31904542137711467
esame	-0.31905365688030685
chiamata	-0.3192780407099537
treno	-0.3194939612633182
io	-0.3195114946530414
ero	-0.319615567012256
gg	-0.31974150924102807
tantissimo	-0.32024086336789026
gatto	-0.3205880425706088
sn	-0.3207128607252415
ke	-0.32087738356989404
biglietti	-0.32091393357323206
ginnastica	-0.32107731818912844
eravamo	-0.3210786185920944
gamba	-0.3212131540521408
quei	-0.32123931138320416
teen	-0.3213299495806098
sto	-0.3215537776027718
sti	-0.32188039044901195
farmi	-0.32228885820276476
vc	-0.3223679689751513
aku	-0.32282743906111633
escono	-0.32304343568844207
mas	-0.3233478786195043
bho	-0.32360466016964173
unfollowato	-0.3240117713000067
password	-0.324184582348808
comprare	-0.3244391797214242
stagione	-0.32449154860794505
concerti	-0.3246142069986063
vengono	-0.3248877876113796
ufficio	-0.32533934872949355
quanto	-0.32638783549120387
faceva	-0.32660713023149646
credevo	-0.3267306160792921
albero	-0.3270484408951825
solita	-0.3274934869481132
danni	-0.3277885380355392
ultima	-0.3279400238284659
addosso	-0.32794271357341376
chiamato	-0.3280678757756772
passando	-0.32817268807127686
hanno	-0.328373963338892
iniziata	-0.32865890829383826
minchia	-0.3288485365539827
coglione	-0.3288538326378303
por	-0.32889752995870836
immaginare	-0.32909746457794264
ancora	-0.33137836824806977
valigia	-0.33147366771403364
mangiato	-0.33152172244752476
capelli	-0.3317216368527579
twitcam	-0.33246961889561644
aveva	-0.3324879581987671
problema	-0.33256975989027826
neve	-0.33265277892407885
glee	-0.3329232467332073
rido	-0.3334410620414823
restare	-0.333528956917993
pezzi	-0.3337475712365787
unica	-0.33427518737863193
gdr	-0.33427989804141356
avrei	-0.33453659978145
vaffanculo	-0.3345711129448514
tette	-0.3346363840655229
impegnata	-0.33465672686296877
mamma	-0.3347302804823057
finisce	-0.3347363927356173
né	-0.33536338626213713
emilia	-0.3355244324527713
seriamente	-0.33579744074593243
aspettavo	-0.3364625174087512
inutile	-0.33714223354343753
uni	-0.3371725181352959
pensare	-0.3373367954214015
atto	-0.3376062455846708
stare	-0.3376118036877267
viene	-0.3377633634220091
smettila	-0.33845607355795504
sentivo	-0.33893250947044073
sangue	-0.33893465036747406
uovo	-0.3390736405033289
testa	-0.33950745719386344
lunghi	-0.33961272609967696
prende	-0.33980232953299716
erano	-0.3399027068401329
esserci	-0.34027425943293
finito	-0.34040221404666615
starò	-0.3404172732613303
apposta	-0.3405435939576643
notifiche	-0.3411778160031461
credere	-0.34123900612917346
venuta	-0.3412489142184949
cita	-0.34198666023967506
aggiornamento	-0.34211243422006765
quinta	-0.34216279630216273
cell	-0.34221696141023383
provando	-0.34296045358492344
dovrei	-0.34340273243574637
dubito	-0.34367109340525204
nonno	-0.3437924005017955
tipa	-0.3440049351271922
autobus	-0.3440198716197356
padre	-0.3440692463507361
stavo	-0.3440740482083732
raga	-0.34410993982204674
cagare	-0.3458051797769608
madre	-0.3464575360656412
real	-0.34671943213237255
niente	-0.34676901415024663
annoiando	-0.3470947780597621
braccio	-0.34755924793178306
non	-0.3476422780469208
cadere	-0.3486935162298208
bimbo	-0.34893159385755634
pochissimo	-0.3492153395953823
scendere	-0.34924339609120336
gambe	-0.3499684382570242
finita	-0.35023049979535303
cellulare	-0.3502730974818913
periodo	-0.3506770284650388
esistenza	-0.35138065686357245
botto	-0.35170332937226034
tenerezza	-0.35186890978072294
dieta	-0.35260162683078766
andavo	-0.3533569541590138
smesso	-0.35347566474084435
morire	-0.3534811515975711
stava	-0.3537010736911992
dito	-0.353726232422095
cercato	-0.3545830273449281
com	-0.35493775940771244
sopporto	-0.35511354769846715
piede	-0.3553473452726401
giuro	-0.3554740162252782
prego	-0.3556609075436621
capisco	-0.35673638972283017
episodi	-0.3571847580855675
so	-0.35723133629762804
perdere	-0.3572868799139709
puntate	-0.3577970075314465
sentita	-0.3579045762177193
saltare	-0.35800411085448713
potessi	-0.35841517409448587
tenero	-0.35854758008633325
batteria	-0.3585927023685306
successo	-0.35906249918898847
ansia	-0.3591301697434164
zero	-0.35932119075554403
internet	-0.35990701415666726
eppure	-0.36073609924059
peggio	-0.36077094264168197
decente	-0.36087147559023836
diventando	-0.3608785465638552
lou	-0.36137191312245365
perchè	-0.3617423394252999
soldi	-0.3617854314645831
cioè	-0.3618211299962044
andati	-0.36204469692695096
stanca	-0.36225973312273974
dimenticato	-0.3627649669156374
succede	-0.36282378985574815
amor	-0.3630743031806617
don	-0.3631810877630748
troppi	-0.3643218476159331
piaceva	-0.36446188665121004
pullman	-0.36454092420888884
episodio	-0.3645996329492671
posso	-0.364632326196061
settimane	-0.3649526788179387
riuscita	-0.36519259829306605
uscire	-0.3656227036476891
buio	-0.3662121123570412
cagata	-0.3664545161465096
toccherà	-0.36747505142844006
dovevi	-0.3676601611516255
lontano	-0.3678649880861563
rispondi	-0.3691513968733293
pioggia	-0.3693179263552636
prendermi	-0.3696669045593901
venire	-0.36971762622708204
limit	-0.3699583494192925
crisi	-0.37089800839414055
fidanzato	-0.3710739470026275
dormendo	-0.3711851265125039
avevano	-0.3714563675163183
nn	-0.3720122190980917
neppure	-0.3720407504994929
perché	-0.3723023829826714
distanza	-0.3727916284917786
xke	-0.37400180262848326
telefono	-0.37413465396900747
esami	-0.37414506559425076
fermata	-0.3746874419382834
ultimamente	-0.3751218833018075
saputo	-0.37577472910063203
greco	-0.3761950463776189
nada	-0.37645758434491583
facevano	-0.3769635459751114
troia	-0.37702455849442296
frutti	-0.37741050986333724
cane	-0.3777990874441698
esercizi	-0.37799079989420215
parlate	-0.3785258787618172
chiusa	-0.3792587616978399
casino	-0.3794177771588474
impossibile	-0.379921433682021
stupida	-0.38051679828485674
dolori	-0.3809176337875686
mettermi	-0.3811855289064884
stupido	-0.38121735734235873
causa	-0.38196046849678966
vederlo	-0.38205979648289734
ioo	-0.38313600356426014
rimasto	-0.38316502988637147
interrogazione	-0.38333759905522324
sbagliata	-0.3851110266541238
madonna	-0.3851938008497484
grigio	-0.38561832104176275
pero	-0.3857405649635832
prendono	-0.3869059362423075
rimanere	-0.38752301612236806
darei	-0.3877429997790318
beato	-0.3886394898250424
miss	-0.3890916701517265
naso	-0.3899661928867505
provato	-0.3900827324733813
xkè	-0.3906601953477642
noia	-0.39108734363991715
stanotte	-0.3915988049839071
poter	-0.39222642000594654
mancato	-0.3927572360471132
ta	-0.39305132506157825
voglia	-0.3934829060199849
troppa	-0.3958268272954013
stavano	-0.39587315092026587
sonno	-0.39599259568976775
odi	-0.39623446649745575
vederla	-0.39671721917337177
svegliata	-0.3969111420046272
que	-0.3970483712311892
cazzo	-0.39789109615850404
riferito	-0.3988177549937759
vorrei	-0.39959053553991675
scuola	-0.3995907401135603
lasciato	-0.3998077466555612
freddo	-0.4001260441847614
puttana	-0.4004885610986716
fisica	-0.40060619945340736
rimango	-0.4006085737515759
chimica	-0.40256580526937213
tocca	-0.4030706789671553
sembro	-0.4033047328022389
troppe	-0.40469104568435044
lontani	-0.4047169483772255
finirà	-0.4056596656568672
chiuso	-0.4072654267823326
promessa	-0.40737585838561796
devo	-0.4080009707550706
compito	-0.4088623636185973
latino	-0.40898950472486795
selfie	-0.41002685330442556
potevo	-0.4107698102078353
babbo	-0.41130884010707625
risponde	-0.41158292893802095
dimenticata	-0.412790450616203
perdonami	-0.4131784833099301
nessuna	-0.4148779655025584
speranze	-0.4151225180084197
coccole	-0.41620610205587105
luke	-0.4165895677970254
datemi	-0.41689526526865917
caduta	-0.41760615803898915
verifiche	-0.41896955713093564
wifi	-0.4191610833542443
perche	-0.4191898615381807
rotto	-0.41933719684176274
sola	-0.4202581154354512
finire	-0.42188450635976327
matematica	-0.42284890191702207
ciclo	-0.4237846529350171
studiando	-0.4251389248433053
rabbia	-0.42754523630654917
morte	-0.4276024058175235
vederli	-0.42934579149424534
verifica	-0.4294003591808928
sorry	-0.4300324271071786
nevica	-0.4302518432956799
nessuno	-0.4324125893811074
mancanza	-0.43267251959357145
invidio	-0.433052191313282
rotta	-0.43566624648499863
ricomincia	-0.43665375236915294
cucciolo	-0.43699926613238105
tolto	-0.4374834355154341
volevo	-0.43790809051018675
male	-0.43960091584098093
vuoto	-0.4398550448727545
lasciano	-0.44063266210741203
voluto	-0.441104319545521
spoiler	-0.44257994468058337
iooo	-0.44262453967559523
nemmeno	-0.4446411896435005
connessione	-0.44547546747788114
dovuto	-0.44559625347377996
forever	-0.44780545452403664
neanche	-0.4483409804662306
andare	-0.4497825232715168
merda	-0.45023594924048493
cacchio	-0.4505430760591871
ritorna	-0.4506518914465668
dover	-0.4510301492304344
tornare	-0.45146011553901244
sento	-0.4517143846296995
lacrime	-0.4517445844764213
retta	-0.45207972855852796
ioooo	-0.4521577474864422
eu	-0.4526913361070124
xk	-0.45365422981950665
muoio	-0.45432143415036086
odia	-0.4544347210461007
nnt	-0.454636902597786
ditemi	-0.45495835243160154
riuscirò	-0.455864638969371
doveva	-0.4558789097003486
potuto	-0.456055179683272
potevano	-0.45651263602969416
yo	-0.4593260810984201
assurda	-0.45962310315510324
assurdo	-0.4601949010684101
manco	-0.46021282527754825
lontana	-0.46113650819767704
peggiore	-0.4614265229747547
aspettare	-0.46209693080252545
sognato	-0.4626099625854926
mancata	-0.463044985007663
fame	-0.46589502810814143
odio	-0.46607336206679895
morendo	-0.4664534229747921
indiretti	-0.4674115533191944
schifo	-0.467876265194061
pra	-0.4702397178077238
litigato	-0.4703024567506505
finite	-0.4718465207864333
beata	-0.4722400255621806
malata	-0.4722655914601792
schiena	-0.47328839737894
dormono	-0.4738599476781903
persa	-0.47402882530528856
disastro	-0.4744716527247341
svegliarmi	-0.4750570664834006
perdo	-0.4752356095145104
voglio	-0.47549259090909834
tranne	-0.47555906536545356
stomaco	-0.4758036852105805
stronzi	-0.475891233295033
piovere	-0.4766683926748322
nu	-0.47858082216396347
finiti	-0.4789430417501692
rovinare	-0.47899388099759865
finisca	-0.4792576675132426
brutte	-0.47949398025300305
perso	-0.48087865269924157
dovrò	-0.4817822592857518
stronza	-0.48240787825978815
ospedale	-0.48426969299707145
colpa	-0.4843474965225081
studiare	-0.48504732693313757
stronzo	-0.4861010021076023
faccina	-0.4861458345271702
temo	-0.4862752396571324
muore	-0.48876920063095375
andarci	-0.4889349483966404
cancellato	-0.4889625207602054
nostalgia	-0.49037349360821914
riesco	-0.49113395129824855
nooo	-0.49201190866206423
blocca	-0.49218896478645524
distrutta	-0.49222283560785074
paura	-0.49307048191293
mannaggia	-0.4940725191634032
dovevo	-0.4956791831501439
sfiga	-0.4965111248517676
compiti	-0.4965863543568828
soffrire	-0.49696839838909446
aqui	-0.4995639084608846
cavolo	-0.5007397610577828
dovevano	-0.5015115281691986
saltato	-0.5016799117862656
dovuta	-0.504012587329553
piove	-0.5041781979372159
bloccato	-0.5042365805590985
noo	-0.5071023336441152
rovina	-0.5104181071563538
unfollow	-0.5134460620308903
noooo	-0.514626711510073
ritornare	-0.5151421910253783
mancano	-0.5153778767327784
annoio	-0.5171169169496475
arrabbiata	-0.5190651997134957
faccine	-0.5196830595263737
vergogna	-0.5200630503641341
potrò	-0.5230001338174781
odiano	-0.5244066317477566
influenza	-0.5255356468549937
spiace	-0.5262352409806187
cacca	-0.5277171162828319
abbracciare	-0.5278412856420687
punizione	-0.5309273333816091
morta	-0.5330966173521128
ni	-0.5336547395828277
ahimè	-0.5336995637526893
manca	-0.535494016540526
brutta	-0.5377573863325813
maledetto	-0.5382392122034576
poveri	-0.539265843036348
dolore	-0.540424257900636
nooooo	-0.5415698645052295
ginocchio	-0.5423545318071319
raffreddore	-0.5448463258605886
incubo	-0.5464828717781036
ave	-0.5485469030820177
addio	-0.5489609758148521
rimasta	-0.549607369361965
deluso	-0.5504364285962966
vergogno	-0.5518638297831442
gola	-0.5541722566533283
pianto	-0.555743892889194
cattivo	-0.5565243158221471
palle	-0.5567191131148294
tristi	-0.5567261518013868
terribile	-0.5569966199404612
tosse	-0.5570283514928398
pipì	-0.5574736832134786
pancia	-0.557962834996462
alzarmi	-0.5599831104705548
bloccata	-0.5601758848516212
peccato	-0.5613980485197017
porca	-0.5643042221178071
perdendo	-0.5684208871183285
confessarti	-0.5708856644754984
speravo	-0.5720474227635928
sfigata	-0.5724407517812453
brutto	-0.5728939608358947
marie	-0.5732046028179583
abbandonato	-0.5742386269144117
caga	-0.5822623295195652
mancate	-0.5822713201388793
cattivi	-0.5830487582003155
caviglia	-0.5857958566826438
cattiva	-0.5861172807104069
morti	-0.5916921555179373
piangere	-0.5921709789037539
mal	-0.5938099293710339
depressa	-0.6058638439896568
dispiace	-0.6081601542546545
alone	-0.6091266570460648
pecorella	-0.6124746435535874
smarrita	-0.6134756164273523
caghi	-0.6145610934389356
morto	-0.6153613272561944
febbre	-0.6172451175849272
depressione	-0.6206222028291868
nossa	-0.6253889727896981
terremoto	-0.6268473131706358
purtroppo	-0.6276942152265261
dispiaciuto	-0.6293466744562937
incidente	-0.6298564584718572
orribile	-0.6326869955003962
potuta	-0.6341291131677129
piange	-0.6361180264927573
soffro	-0.6414100848217066
rovinato	-0.6442142565313325
piangendo	-0.6472329045137354
poverino	-0.6509366227303113
ir	-0.6514634256779275
mancherai	-0.6553240471157135
povera	-0.6588658763840464
delusa	-0.6594740479289065
povero	-0.661933813860924
delusione	-0.6697124220569031
poverina	-0.6708455030155855
mancherà	-0.6720029371390965
nao	-0.7007323412757922
sem	-0.7135762515222628
manchi	-0.7200120061308268
malissimo	-0.7343216167087556
triste	-0.7345459912939842
quiero	-0.764766433449281
rivoglio	-0.8008440520012297
bruttissimo	-0.8018147550671255
tristezza	-0.8026587823414666
piango	-0.8048574840980387
sigh	-0.8403021807698599
uff	-0.8447467106150023
uffa	-0.9301870899102512
ingiusta	-0.9880964362109581
uffi	-1.0
